n,num_switches,protocol,run,host,address_latency,first_packet_latency,total_latency,ra_wait,dad_latency
1,5,IPv4,1,iot1,1.074437141418457,0.002335786819458008,1.076772928237915,,
1,5,IPv4,2,iot1,1.1252379417419434,0.0024776458740234375,1.1277155876159668,,
1,5,IPv4,3,iot1,1.1252341270446777,0.0022449493408203125,1.127479076385498,,
1,5,IPv4,4,iot1,1.1241216659545898,0.0020017623901367188,1.1261234283447266,,
1,5,IPv4,5,iot1,1.1279404163360596,0.0019307136535644531,1.129871129989624,,
1,5,IPv6,1,iot1,2.821129560470581,0.0024466514587402344,2.8235762119293213,1.0327253341674805,1.7884042263031006
1,5,IPv6,2,iot1,3.030954360961914,0.0025315284729003906,3.0334858894348145,1.0309462547302246,2.0000081062316895
1,5,IPv6,3,iot1,2.924708843231201,0.0024547576904296875,2.927163600921631,1.0316054821014404,1.8931033611297607
1,5,IPv6,4,iot1,2.112945795059204,0.0023276805877685547,2.1152734756469727,1.0316264629364014,1.0813193321228027
1,5,IPv6,5,iot1,3.032433271408081,0.002413511276245117,3.034846782684326,1.0322253704071045,2.0002079010009766
5,5,IPv4,1,iot5,1.1421306133270264,0.005128383636474609,1.147258996963501,,
5,5,IPv4,1,iot2,1.161628007888794,0.003004789352416992,1.164632797241211,,
5,5,IPv4,1,iot4,1.1650662422180176,0.004642486572265625,1.1697087287902832,,
5,5,IPv4,1,iot3,1.1675176620483398,0.0032532215118408203,1.1707708835601807,,
5,5,IPv4,1,iot1,1.1903889179229736,0.002360820770263672,1.1927497386932373,,
5,5,IPv4,2,iot5,1.1575684547424316,0.004083156585693359,1.161651611328125,,
5,5,IPv4,2,iot3,1.1643235683441162,0.0031807422637939453,1.1675043106079102,,
5,5,IPv4,2,iot2,1.1709520816802979,0.0027163028717041016,1.173668384552002,,
5,5,IPv4,2,iot1,1.1762359142303467,0.002254962921142578,1.1784908771514893,,
5,5,IPv4,3,iot5,1.1465628147125244,0.0077419281005859375,1.1543047428131104,,
5,5,IPv4,3,iot4,1.153120756149292,0.007105112075805664,1.1602258682250977,,
5,5,IPv4,3,iot2,1.1591191291809082,0.00614619255065918,1.1652653217315674,,
5,5,IPv4,3,iot3,1.1664385795593262,0.002758026123046875,1.169196605682373,,
5,5,IPv4,3,iot1,1.1868202686309814,0.0021605491638183594,1.1889808177947998,,
5,5,IPv4,4,iot2,1.1513476371765137,0.009449481964111328,1.160797119140625,,
5,5,IPv4,4,iot5,1.1429176330566406,0.009677410125732422,1.152595043182373,,
5,5,IPv4,4,iot4,1.160203456878662,0.004509449005126953,1.164712905883789,,
5,5,IPv4,4,iot1,1.1729741096496582,0.0024194717407226562,1.1753935813903809,,
5,5,IPv4,4,iot3,1.1846144199371338,0.002115964889526367,1.1867303848266602,,
5,5,IPv4,5,iot5,1.1203389167785645,0.003953695297241211,1.1242926120758057,,
5,5,IPv4,5,iot2,1.1391007900238037,0.002332925796508789,1.1414337158203125,,
5,5,IPv4,5,iot4,1.1434931755065918,0.0020339488983154297,1.1455271244049072,,
5,5,IPv4,5,iot3,1.1875786781311035,0.0022907257080078125,1.1898694038391113,,
5,5,IPv4,5,iot1,1.1968250274658203,0.0018727779388427734,1.198697805404663,,
5,5,IPv6,1,iot5,2.3994407653808594,0.0023789405822753906,2.4018197059631348,0.9960272312164307,1.4034135341644287
5,5,IPv6,1,iot2,2.7144088745117188,0.0029582977294921875,2.717367172241211,1.0063812732696533,1.7080276012420654
5,5,IPv6,1,iot1,2.7761943340301514,0.0022721290588378906,2.7784664630889893,0.9762988090515137,1.7998955249786377
5,5,IPv6,1,iot4,2.9236350059509277,0.004214763641357422,2.927849769592285,1.001307725906372,1.9223272800445557
5,5,IPv6,1,iot3,2.9328503608703613,0.002168893814086914,2.9350192546844482,0.9754431247711182,1.9574072360992432
5,5,IPv6,2,iot5,2.309939384460449,0.0034694671630859375,2.313408851623535,1.0007133483886719,1.3092260360717773
5,5,IPv6,2,iot1,2.5574214458465576,0.004759311676025391,2.562180757522583,0.9735925197601318,1.5838289260864258
5,5,IPv6,2,iot4,2.549631118774414,0.002225637435913086,2.551856756210327,0.9713685512542725,1.5782625675201416
5,5,IPv6,2,iot2,2.84057879447937,0.002318859100341797,2.842897653579712,0.9787170886993408,1.8618617057800293
5,5,IPv6,2,iot3,2.940366744995117,0.0025305747985839844,2.942897319793701,0.9674785137176514,1.9728882312774658
5,5,IPv6,3,iot2,2.1481142044067383,0.002603769302368164,2.1507179737091064,1.0166563987731934,1.131457805633545
5,5,IPv6,3,iot3,2.253830909729004,0.0028040409088134766,2.2566349506378174,1.0099141597747803,1.2439167499542236
5,5,IPv6,3,iot4,2.428243637084961,0.0029752254486083984,2.4312188625335693,1.0015950202941895,1.4266486167907715
5,5,IPv6,3,iot1,2.6066226959228516,0.0026144981384277344,2.6092371940612793,1.018503189086914,1.5881195068359375
5,5,IPv6,3,iot5,2.970885753631592,0.002491474151611328,2.973377227783203,1.0059123039245605,1.9649734497070312
5,5,IPv6,4,iot2,2.095470428466797,0.0023207664489746094,2.0977911949157715,0.9940266609191895,1.1014437675476074
5,5,IPv6,4,iot4,2.1628308296203613,0.0026018619537353516,2.1654326915740967,0.9731593132019043,1.189671516418457
5,5,IPv6,4,iot5,2.5867741107940674,0.002343416213989258,2.5891175270080566,0.9661080837249756,1.6206660270690918
5,5,IPv6,4,iot1,2.694523572921753,0.004042148590087891,2.698565721511841,0.9771604537963867,1.7173631191253662
5,5,IPv6,4,iot3,2.740771532058716,0.002299070358276367,2.743070602416992,0.993579626083374,1.7471919059753418
5,5,IPv6,5,iot3,2.116419792175293,0.0023651123046875,2.1187849044799805,1.0120584964752197,1.1043612957000732
5,5,IPv6,5,iot2,2.212855339050293,0.0027213096618652344,2.215576648712158,0.9801726341247559,1.232682704925537
5,5,IPv6,5,iot1,2.2127575874328613,0.0032660961151123047,2.2160236835479736,0.9814887046813965,1.2312688827514648
5,5,IPv6,5,iot4,2.2280948162078857,0.0022001266479492188,2.230294942855835,1.0169494152069092,1.2111454010009766
5,5,IPv6,5,iot5,2.3797767162323,0.0024352073669433594,2.382211923599243,1.01188063621521,1.3678960800170898
10,5,IPv4,1,iot2,1.10374116897583,0.0018763542175292969,1.1056175231933594,,
10,5,IPv4,1,iot9,1.2434394359588623,0.017221689224243164,1.2606611251831055,,
10,5,IPv4,1,iot5,1.2748055458068848,0.017248868942260742,1.2920544147491455,,
10,5,IPv4,1,iot3,1.285146713256836,0.012853860855102539,1.2980005741119385,,
10,5,IPv4,1,iot8,1.2811057567596436,0.0060117244720458984,1.2871174812316895,,
10,5,IPv4,1,iot7,1.3090686798095703,0.006327152252197266,1.3153958320617676,,
10,5,IPv4,1,iot1,1.3149995803833008,0.006263017654418945,1.3212625980377197,,
10,5,IPv4,1,iot6,1.3162224292755127,0.006209611892700195,1.322432041168213,,
10,5,IPv4,1,iot10,1.298565149307251,0.002615690231323242,1.3011808395385742,,
10,5,IPv4,1,iot4,1.3348548412322998,0.0022306442260742188,1.337085485458374,,
10,5,IPv4,2,iot10,1.1434597969055176,0.0029091835021972656,1.1463689804077148,,
10,5,IPv4,2,iot1,1.2474100589752197,0.004888296127319336,1.252298355102539,,
10,5,IPv4,2,iot3,1.2600212097167969,0.008031368255615234,1.268052577972412,,
10,5,IPv4,2,iot4,1.2717797756195068,0.010440587997436523,1.2822203636169434,,
10,5,IPv4,2,iot2,1.3056139945983887,0.00809025764465332,1.313704252243042,,
10,5,IPv4,2,iot9,1.2945616245269775,0.006313800811767578,1.3008754253387451,,
10,5,IPv4,2,iot7,1.313688039779663,0.0023996829986572266,1.3160877227783203,,
10,5,IPv4,2,iot8,1.3073680400848389,0.006897449493408203,1.314265489578247,,
10,5,IPv4,2,iot6,1.3143126964569092,0.00726771354675293,1.321580410003662,,
10,5,IPv4,2,iot5,1.321761131286621,0.002405881881713867,1.324167013168335,,
10,5,IPv4,3,iot3,1.2020418643951416,0.017041921615600586,1.2190837860107422,,
10,5,IPv4,3,iot8,1.2815184593200684,0.005272626876831055,1.2867910861968994,,
10,5,IPv4,3,iot4,1.291778326034546,0.017277956008911133,1.309056282043457,,
10,5,IPv4,3,iot9,1.2701771259307861,0.012286186218261719,1.2824633121490479,,
10,5,IPv4,3,iot6,1.2945315837860107,0.0061702728271484375,1.3007018566131592,,
10,5,IPv4,3,iot2,1.3159513473510742,0.005151987075805664,1.3211033344268799,,
10,5,IPv4,3,iot5,1.3180840015411377,0.006524801254272461,1.3246088027954102,,
10,5,IPv4,3,iot1,1.3343315124511719,0.0039539337158203125,1.3382854461669922,,
10,5,IPv4,3,iot7,1.3187751770019531,0.005320072174072266,1.3240952491760254,,
10,5,IPv4,3,iot10,1.3145618438720703,0.004940509796142578,1.319502353668213,,
10,5,IPv4,4,iot4,1.2856662273406982,0.017982959747314453,1.3036491870880127,,
10,5,IPv4,4,iot5,1.2868571281433105,0.020945310592651367,1.307802438735962,,
10,5,IPv4,4,iot3,1.3156623840332031,0.008096456527709961,1.323758840560913,,
10,5,IPv4,4,iot2,1.327852487564087,0.010823488235473633,1.3386759757995605,,
10,5,IPv4,4,iot10,1.299921989440918,0.007540225982666016,1.307462215423584,,
10,5,IPv4,4,iot9,1.3140318393707275,0.0039048194885253906,1.317936658859253,,
10,5,IPv4,4,iot6,1.3361170291900635,0.004878520965576172,1.3409955501556396,,
10,5,IPv4,4,iot8,1.3333289623260498,0.003668546676635742,1.3369975090026855,,
10,5,IPv4,4,iot1,1.3548040390014648,0.004642963409423828,1.3594470024108887,,
10,5,IPv4,4,iot7,1.338118553161621,0.0023479461669921875,1.3404664993286133,,
10,5,IPv4,5,iot3,1.1833722591400146,0.013792037963867188,1.1971642971038818,,
10,5,IPv4,5,iot2,1.2400388717651367,0.022822856903076172,1.262861728668213,,
10,5,IPv4,5,iot6,1.255366563796997,0.012048006057739258,1.2674145698547363,,
10,5,IPv4,5,iot5,1.2838044166564941,0.007115602493286133,1.2909200191497803,,
10,5,IPv4,5,iot10,1.28586745262146,0.007740020751953125,1.293607473373413,,
10,5,IPv4,5,iot4,1.3079860210418701,0.0108184814453125,1.3188045024871826,,
10,5,IPv4,5,iot8,1.3176817893981934,0.0040247440338134766,1.3217065334320068,,
10,5,IPv4,5,iot9,1.3171663284301758,0.003458738327026367,1.3206250667572021,,
10,5,IPv4,5,iot1,1.3336398601531982,0.002813100814819336,1.3364529609680176,,
10,5,IPv4,5,iot7,1.333838701248169,0.0020520687103271484,1.335890769958496,,
10,5,IPv6,1,iot5,2.119093418121338,0.005206108093261719,2.1242995262145996,0.9623157978057861,1.1567776203155518
10,5,IPv6,1,iot1,2.150855541229248,0.007207632064819336,2.1580631732940674,1.025371789932251,1.125483751296997
10,5,IPv6,1,iot10,2.1165170669555664,0.0040400028228759766,2.1205570697784424,0.9951190948486328,1.1213979721069336
10,5,IPv6,1,iot7,2.2694754600524902,0.0031402111053466797,2.272615671157837,1.012566328048706,1.2569091320037842
10,5,IPv6,1,iot3,2.5195486545562744,0.0023703575134277344,2.521919012069702,1.0150291919708252,1.5045194625854492
10,5,IPv6,1,iot8,2.5783190727233887,0.0024566650390625,2.580775737762451,1.0046885013580322,1.5736305713653564
10,5,IPv6,1,iot6,2.6180272102355957,0.0022249221801757812,2.6202521324157715,0.9590635299682617,1.658963680267334
10,5,IPv6,1,iot4,2.846409797668457,0.003520965576171875,2.849930763244629,1.024172067642212,1.8222377300262451
10,5,IPv6,1,iot2,2.9541983604431152,0.0024843215942382812,2.9566826820373535,0.9868500232696533,1.967348337173462
10,5,IPv6,1,iot9,3.0198259353637695,0.0024628639221191406,3.0222887992858887,1.0004470348358154,2.019378900527954
10,5,IPv6,2,iot7,2.0166430473327637,0.0036728382110595703,2.0203158855438232,1.0081393718719482,1.0085036754608154
10,5,IPv6,2,iot4,2.0807008743286133,0.009719610214233398,2.0904204845428467,1.0161325931549072,1.064568281173706
10,5,IPv6,2,iot2,2.2104554176330566,0.002562284469604492,2.213017702102661,0.988095760345459,1.2223596572875977
10,5,IPv6,2,iot8,2.2573864459991455,0.0028061866760253906,2.260192632675171,1.0000615119934082,1.2573249340057373
10,5,IPv6,2,iot5,2.377317428588867,0.002316713333129883,2.379634141921997,1.000976324081421,1.3763411045074463
10,5,IPv6,2,iot3,2.551978588104248,0.002537250518798828,2.554515838623047,1.0107104778289795,1.5412681102752686
10,5,IPv6,2,iot9,2.6032662391662598,0.00225067138671875,2.6055169105529785,1.0074152946472168,1.595850944519043
10,5,IPv6,2,iot10,2.754610061645508,0.0024008750915527344,2.7570109367370605,0.9844443798065186,1.7701656818389893
10,5,IPv6,2,iot1,2.9718449115753174,0.002404451370239258,2.9742493629455566,1.0213496685028076,1.9504952430725098
10,5,IPv6,2,iot6,2.999755859375,0.002267599105834961,3.002023458480835,0.9833633899688721,2.016392469406128
10,5,IPv6,3,iot9,2.015000581741333,0.0027763843536376953,2.0177769660949707,1.0216937065124512,0.9933068752288818
10,5,IPv6,3,iot8,2.129554271697998,0.005483150482177734,2.135037422180176,1.0010950565338135,1.1284592151641846
10,5,IPv6,3,iot6,2.28096342086792,0.0035216808319091797,2.284485101699829,1.002394199371338,1.278569221496582
10,5,IPv6,3,iot5,2.3808164596557617,0.0023651123046875,2.383181571960449,1.0209224224090576,1.359894037246704
10,5,IPv6,3,iot3,2.444875717163086,0.0023725032806396484,2.4472482204437256,1.0298821926116943,1.4149935245513916
10,5,IPv6,3,iot4,2.538053274154663,0.002451181411743164,2.5405044555664062,0.9791977405548096,1.5588555335998535
10,5,IPv6,3,iot1,2.7120308876037598,0.0025262832641601562,2.71455717086792,1.0201945304870605,1.6918363571166992
10,5,IPv6,3,iot7,2.739727258682251,0.002431154251098633,2.7421584129333496,0.9893202781677246,1.7504069805145264
10,5,IPv6,3,iot10,2.9709465503692627,0.002419710159301758,2.9733662605285645,0.9831204414367676,1.9878261089324951
10,5,IPv6,3,iot2,3.0419702529907227,0.0023565292358398438,3.0443267822265625,1.0138731002807617,2.028097152709961
10,5,IPv6,4,iot1,2.2299716472625732,0.004137277603149414,2.2341089248657227,0.9786167144775391,1.2513549327850342
10,5,IPv6,4,iot7,2.335007667541504,0.00328826904296875,2.3382959365844727,0.943166971206665,1.3918406963348389
10,5,IPv6,4,iot2,2.3811473846435547,0.002454996109008789,2.3836023807525635,0.9674181938171387,1.413729190826416
10,5,IPv6,4,iot10,2.582644462585449,0.002526998519897461,2.5851714611053467,0.9578893184661865,1.6247551441192627
10,5,IPv6,4,iot5,2.6753203868865967,0.002226114273071289,2.677546501159668,0.9964921474456787,1.678828239440918
10,5,IPv6,4,iot9,2.7459218502044678,0.003316164016723633,2.7492380142211914,0.9951508045196533,1.7507710456848145
10,5,IPv6,4,iot8,2.805234670639038,0.004429340362548828,2.809664011001587,0.9450700283050537,1.8601646423339844
10,5,IPv6,4,iot3,2.926107168197632,0.0023643970489501953,2.928471565246582,0.989673376083374,1.9364337921142578
10,5,IPv6,4,iot4,2.9807751178741455,0.0023336410522460938,2.9831087589263916,0.981543779373169,1.9992313385009766
10,5,IPv6,4,iot6,2.986964225769043,0.002524137496948242,2.989488363265991,0.9958493709564209,1.991114854812622
10,5,IPv6,5,iot8,2.047495126724243,0.003356456756591797,2.050851583480835,0.9765238761901855,1.0709712505340576
10,5,IPv6,5,iot3,2.124427556991577,0.005880594253540039,2.130308151245117,0.9937314987182617,1.1306960582733154
10,5,IPv6,5,iot6,2.1781861782073975,0.0022873878479003906,2.180473566055298,1.0014240741729736,1.1767621040344238
10,5,IPv6,5,iot5,2.4946727752685547,0.004230022430419922,2.4989027976989746,0.9922561645507812,1.5024166107177734
10,5,IPv6,5,iot7,2.561215400695801,0.002519845962524414,2.563735246658325,0.9831838607788086,1.5780315399169922
10,5,IPv6,5,iot4,2.6475026607513428,0.002371549606323242,2.649874210357666,0.9522624015808105,1.6952402591705322
10,5,IPv6,5,iot9,2.6621875762939453,0.002286672592163086,2.6644742488861084,0.9511125087738037,1.7110750675201416
10,5,IPv6,5,iot10,2.714111566543579,0.0022351741790771484,2.7163467407226562,0.9937806129455566,1.7203309535980225
10,5,IPv6,5,iot2,2.758760452270508,0.002320528030395508,2.7610809803009033,0.9900467395782471,1.7687137126922607
10,5,IPv6,5,iot1,2.7865686416625977,0.0023338794708251953,2.788902521133423,0.9861550331115723,1.8004136085510254
20,5,IPv4,1,iot7,1.2814927101135254,0.010582447052001953,1.2920751571655273,,
20,5,IPv4,1,iot3,1.2945516109466553,0.008453845977783203,1.3030054569244385,,
20,5,IPv4,1,iot2,1.3745784759521484,0.0196535587310791,1.3942320346832275,,
20,5,IPv4,1,iot12,1.3602879047393799,0.021908283233642578,1.3821961879730225,,
20,5,IPv4,1,iot6,1.4435534477233887,0.011054039001464844,1.4546074867248535,,
20,5,IPv4,1,iot11,1.4823219776153564,0.027148962020874023,1.5094709396362305,,
20,5,IPv4,1,iot20,1.435703992843628,0.03282904624938965,1.4685330390930176,,
20,5,IPv4,1,iot10,1.559330701828003,0.007264375686645508,1.5665950775146484,,
20,5,IPv4,1,iot9,1.548081398010254,0.023714542388916016,1.57179594039917,,
20,5,IPv4,1,iot4,1.579545259475708,0.016695022583007812,1.5962402820587158,,
20,5,IPv4,1,iot14,1.5240232944488525,0.02863597869873047,1.552659273147583,,
20,5,IPv4,1,iot8,1.592860460281372,0.006882667541503906,1.599743127822876,,
20,5,IPv4,1,iot5,1.59902024269104,0.016665935516357422,1.6156861782073975,,
20,5,IPv4,1,iot13,1.5701849460601807,0.017459392547607422,1.587644338607788,,
20,5,IPv4,1,iot15,1.4866747856140137,0.013954401016235352,1.500629186630249,,
20,5,IPv4,1,iot17,1.553898572921753,0.00684046745300293,1.5607390403747559,,
20,5,IPv4,1,iot19,1.5323154926300049,0.007894277572631836,1.5402097702026367,,
20,5,IPv4,1,iot18,1.550602674484253,0.005238771438598633,1.5558414459228516,,
20,5,IPv4,1,iot16,1.4951703548431396,0.006375551223754883,1.5015459060668945,,
20,5,IPv4,1,iot1,1.6387920379638672,0.0024394989013671875,1.6412315368652344,,
20,5,IPv4,2,iot15,1.208899736404419,0.004581928253173828,1.2134816646575928,,
20,5,IPv4,2,iot2,1.2761516571044922,0.00255584716796875,1.278707504272461,,
20,5,IPv4,2,iot12,1.262397289276123,0.003958463668823242,1.2663557529449463,,
20,5,IPv4,2,iot3,1.3108720779418945,0.012800931930541992,1.3236730098724365,,
20,5,IPv4,2,iot1,1.3282833099365234,0.0063550472259521484,1.3346383571624756,,
20,5,IPv4,2,iot17,1.4551782608032227,0.02532029151916504,1.4804985523223877,,
20,5,IPv4,2,iot14,1.478625774383545,0.02303314208984375,1.5016589164733887,,
20,5,IPv4,2,iot19,1.4648282527923584,0.01939225196838379,1.4842205047607422,,
20,5,IPv4,2,iot9,1.5103263854980469,0.01476740837097168,1.5250937938690186,,
20,5,IPv4,2,iot13,1.4994831085205078,0.020562171936035156,1.520045280456543,,
20,5,IPv4,2,iot18,1.541109561920166,0.010367631912231445,1.5514771938323975,,
20,5,IPv4,2,iot16,1.5216779708862305,0.016058683395385742,1.5377366542816162,,
20,5,IPv4,2,iot7,1.5752813816070557,0.005895137786865234,1.581176519393921,,
20,5,IPv4,2,iot11,1.547976016998291,0.006854534149169922,1.554830551147461,,
20,5,IPv4,2,iot20,1.5393397808074951,0.004833698272705078,1.5441734790802002,,
20,5,IPv4,2,iot8,1.5895617008209229,0.006786823272705078,1.596348524093628,,
20,5,IPv4,2,iot4,1.587860345840454,0.00930023193359375,1.5971605777740479,,
20,5,IPv4,2,iot5,1.595597743988037,0.005453348159790039,1.6010510921478271,,
20,5,IPv4,2,iot10,1.5856974124908447,0.005712032318115234,1.59140944480896,,
20,5,IPv4,2,iot6,1.5995469093322754,0.003624439239501953,1.6031713485717773,,
20,5,IPv4,3,iot1,1.2497615814208984,0.004187583923339844,1.2539491653442383,,
20,5,IPv4,3,iot2,1.2615647315979004,0.004286050796508789,1.2658507823944092,,
20,5,IPv4,3,iot12,1.2502503395080566,0.002964496612548828,1.2532148361206055,,
20,5,IPv4,3,iot8,1.334256649017334,0.014424800872802734,1.3486814498901367,,
20,5,IPv4,3,iot5,1.4707820415496826,0.008159160614013672,1.4789412021636963,,
20,5,IPv4,3,iot9,1.454286813735962,0.03380155563354492,1.4880883693695068,,
20,5,IPv4,3,iot6,1.476571798324585,0.02527332305908203,1.501845121383667,,
20,5,IPv4,3,iot17,1.449779748916626,0.013298273086547852,1.4630780220031738,,
20,5,IPv4,3,iot16,1.4738430976867676,0.017779111862182617,1.4916222095489502,,
20,5,IPv4,3,iot3,1.5469970703125,0.0072629451751708984,1.554260015487671,,
20,5,IPv4,3,iot4,1.5409884452819824,0.023569583892822266,1.5645580291748047,,
20,5,IPv4,3,iot10,1.5589520931243896,0.006964683532714844,1.5659167766571045,,
20,5,IPv4,3,iot19,1.529076337814331,0.01544499397277832,1.5445213317871094,,
20,5,IPv4,3,iot14,1.5650553703308105,0.013213396072387695,1.5782687664031982,,
20,5,IPv4,3,iot18,1.5367650985717773,0.010194778442382812,1.5469598770141602,,
20,5,IPv4,3,iot20,1.5425782203674316,0.005509376525878906,1.5480875968933105,,
20,5,IPv4,3,iot15,1.5700101852416992,0.008338451385498047,1.5783486366271973,,
20,5,IPv4,3,iot13,1.5921244621276855,0.002994060516357422,1.595118522644043,,
20,5,IPv4,3,iot7,1.6068360805511475,0.0026874542236328125,1.6095235347747803,,
20,5,IPv4,3,iot11,1.5942893028259277,0.0023224353790283203,1.596611738204956,,
20,5,IPv4,4,iot16,1.482978105545044,0.016878843307495117,1.499856948852539,,
20,5,IPv4,4,iot4,1.5199172496795654,0.027782440185546875,1.5476996898651123,,
20,5,IPv4,4,iot2,1.605804204940796,0.024057626724243164,1.629861831665039,,
20,5,IPv4,4,iot10,1.650268793106079,0.03005075454711914,1.6803195476531982,,
20,5,IPv4,4,iot18,1.6532762050628662,0.021703004837036133,1.6749792098999023,,
20,5,IPv4,4,iot6,1.701937198638916,0.020315885543823242,1.7222530841827393,,
20,5,IPv4,4,iot20,1.6573450565338135,0.027770042419433594,1.685115098953247,,
20,5,IPv4,4,iot15,1.69321870803833,0.010021686553955078,1.7032403945922852,,
20,5,IPv4,4,iot19,1.6833643913269043,0.0060520172119140625,1.6894164085388184,,
20,5,IPv4,4,iot13,1.6477711200714111,0.0045623779296875,1.6523334980010986,,
20,5,IPv4,4,iot8,1.7466676235198975,0.004657745361328125,1.7513253688812256,,
20,5,IPv4,4,iot3,1.7736454010009766,0.010257482528686523,1.783902883529663,,
20,5,IPv4,4,iot17,1.6825120449066162,0.004806041717529297,1.6873180866241455,,
20,5,IPv4,4,iot11,1.7560358047485352,0.009149312973022461,1.7651851177215576,,
20,5,IPv4,4,iot9,1.7627699375152588,0.00818777084350586,1.7709577083587646,,
20,5,IPv4,4,iot7,1.7891364097595215,0.002783060073852539,1.791919469833374,,
20,5,IPv4,4,iot12,1.693204402923584,0.0028367042541503906,1.6960411071777344,,
20,5,IPv4,4,iot14,1.7488195896148682,0.007483005523681641,1.7563025951385498,,
20,5,IPv4,5,iot3,1.3202531337738037,0.022495269775390625,1.3427484035491943,,
20,5,IPv4,5,iot4,1.393141508102417,0.03099822998046875,1.4241397380828857,,
20,5,IPv4,5,iot12,1.4866163730621338,0.014984130859375,1.5016005039215088,,
20,5,IPv4,5,iot8,1.5138416290283203,0.008904218673706055,1.5227458477020264,,
20,5,IPv4,5,iot6,1.50516939163208,0.01778888702392578,1.5229582786560059,,
20,5,IPv4,5,iot1,1.5179438591003418,0.030033588409423828,1.5479774475097656,,
20,5,IPv4,5,iot10,1.521332025527954,0.020524978637695312,1.5418570041656494,,
20,5,IPv4,5,iot16,1.5583488941192627,0.02136373519897461,1.5797126293182373,,
20,5,IPv4,5,iot20,1.531693696975708,0.020100116729736328,1.5517938137054443,,
20,5,IPv4,5,iot15,1.5758545398712158,0.015073299407958984,1.5909278392791748,,
20,5,IPv4,5,iot5,1.61006498336792,0.01746511459350586,1.6275300979614258,,
20,5,IPv4,5,iot9,1.629453420639038,0.009088754653930664,1.6385421752929688,,
20,5,IPv4,5,iot2,1.644977331161499,0.012186527252197266,1.6571638584136963,,
20,5,IPv4,5,iot14,1.6376948356628418,0.007868051528930664,1.6455628871917725,,
20,5,IPv4,5,iot17,1.6126086711883545,0.011156797409057617,1.623765468597412,,
20,5,IPv4,5,iot11,1.6363742351531982,0.011122465133666992,1.6474967002868652,,
20,5,IPv4,5,iot13,1.634167194366455,0.011982917785644531,1.6461501121520996,,
20,5,IPv4,5,iot19,1.617659330368042,0.004986286163330078,1.622645616531372,,
20,5,IPv4,5,iot18,1.6083285808563232,0.003510713577270508,1.6118392944335938,,
20,5,IPv4,5,iot7,1.6550865173339844,0.0023145675659179688,1.6574010848999023,,
20,5,IPv6,1,iot18,1.9162051677703857,0.015311002731323242,1.931516170501709,0.9959914684295654,0.9202136993408203
20,5,IPv6,1,iot1,2.056469440460205,0.025366544723510742,2.081835985183716,1.0314764976501465,1.0249929428100586
20,5,IPv6,1,iot10,2.0528836250305176,0.007324934005737305,2.060208559036255,0.9825356006622314,1.0703480243682861
20,5,IPv6,1,iot16,2.0831475257873535,0.00870823860168457,2.091855764389038,0.9415805339813232,1.1415669918060303
20,5,IPv6,1,iot13,2.301142454147339,0.0031647682189941406,2.304307222366333,0.9408400058746338,1.360302448272705
20,5,IPv6,1,iot12,2.4276340007781982,0.012396812438964844,2.440030813217163,0.9887068271636963,1.438927173614502
20,5,IPv6,1,iot14,2.460467576980591,0.007223367691040039,2.467690944671631,0.9342050552368164,1.5262625217437744
20,5,IPv6,1,iot19,2.3944623470306396,0.004567861557006836,2.3990302085876465,0.8567054271697998,1.5377569198608398
20,5,IPv6,1,iot17,2.4453036785125732,0.005004405975341797,2.450308084487915,1.013674020767212,1.4316296577453613
20,5,IPv6,1,iot2,2.555354118347168,0.002464771270751953,2.55781888961792,1.0592949390411377,1.4960591793060303
20,5,IPv6,1,iot5,2.5960934162139893,0.0026674270629882812,2.5987608432769775,0.9515280723571777,1.6445653438568115
20,5,IPv6,1,iot11,2.5799574851989746,0.002349853515625,2.5823073387145996,1.0245845317840576,1.555372953414917
20,5,IPv6,1,iot8,2.6157515048980713,0.003218412399291992,2.6189699172973633,0.95223069190979,1.6635208129882812
20,5,IPv6,1,iot3,2.778902530670166,0.0072765350341796875,2.7861790657043457,0.977078914642334,1.801823616027832
20,5,IPv6,1,iot7,2.752014398574829,0.0028116703033447266,2.754826068878174,0.9507744312286377,1.8012399673461914
20,5,IPv6,1,iot4,2.815155506134033,0.0021636486053466797,2.81731915473938,0.9756288528442383,1.839526653289795
20,5,IPv6,1,iot15,2.8129773139953613,0.002324342727661133,2.8153016567230225,0.9651010036468506,1.8478763103485107
20,5,IPv6,1,iot6,2.887744426727295,0.0038809776306152344,2.89162540435791,0.993809700012207,1.893934726715088
20,5,IPv6,1,iot9,2.942215919494629,0.0023009777069091797,2.944516897201538,0.9320638179779053,2.0101521015167236
20,5,IPv6,1,iot20,2.869952917098999,0.002341747283935547,2.8722946643829346,0.9638223648071289,1.9061305522918701
20,5,IPv6,2,iot11,2.0147533416748047,0.007538795471191406,2.022292137145996,0.9695866107940674,1.0451667308807373
20,5,IPv6,2,iot19,1.9951915740966797,0.004816293716430664,2.0000078678131104,0.9611372947692871,1.0340542793273926
20,5,IPv6,2,iot7,2.117854595184326,0.006499767303466797,2.124354362487793,1.023301124572754,1.0945534706115723
20,5,IPv6,2,iot3,2.2165586948394775,0.004399776458740234,2.2209584712982178,1.0094101428985596,1.207148551940918
20,5,IPv6,2,iot10,2.278247356414795,0.021267414093017578,2.2995147705078125,1.0525553226470947,1.2256920337677002
20,5,IPv6,2,iot13,2.2796056270599365,0.01063084602355957,2.290236473083496,1.016225814819336,1.2633798122406006
20,5,IPv6,2,iot18,2.3701045513153076,0.0036711692810058594,2.3737757205963135,1.0170361995697021,1.3530683517456055
20,5,IPv6,2,iot1,2.4768078327178955,0.003981351852416992,2.4807891845703125,1.0611612796783447,1.4156465530395508
20,5,IPv6,2,iot12,2.484575033187866,0.009149789810180664,2.493724822998047,0.9039268493652344,1.5806481838226318
20,5,IPv6,2,iot6,2.5282139778137207,0.0028972625732421875,2.531111240386963,1.0109293460845947,1.517284631729126
20,5,IPv6,2,iot16,2.542470932006836,0.00461125373840332,2.5470821857452393,0.9067697525024414,1.6357011795043945
20,5,IPv6,2,iot5,2.653627634048462,0.0047397613525390625,2.658367395401001,1.002885103225708,1.650742530822754
20,5,IPv6,2,iot4,2.7065913677215576,0.0022819042205810547,2.7088732719421387,1.038072109222412,1.6685192584991455
20,5,IPv6,2,iot20,2.658073902130127,0.0021982192993164062,2.6602721214294434,0.9748406410217285,1.6832332611083984
20,5,IPv6,2,iot15,2.7699596881866455,0.002734661102294922,2.7726943492889404,0.9878828525543213,1.7820768356323242
20,5,IPv6,2,iot2,2.795271635055542,0.0027742385864257812,2.7980458736419678,0.9580543041229248,1.8372173309326172
20,5,IPv6,2,iot17,2.837859869003296,0.0024764537811279297,2.840336322784424,0.9407143592834473,1.8971455097198486
20,5,IPv6,2,iot8,2.882664680480957,0.003713369369506836,2.886378049850464,0.9702794551849365,1.9123852252960205
20,5,IPv6,2,iot9,2.9357991218566895,0.0021729469299316406,2.937972068786621,1.057208776473999,1.8785903453826904
20,5,IPv6,2,iot14,2.994757890701294,0.0025072097778320312,2.997265100479126,0.9457552433013916,2.0490026473999023
20,5,IPv6,3,iot1,2.1536247730255127,0.00533747673034668,2.1589622497558594,0.9602377414703369,1.1933870315551758
20,5,IPv6,3,iot11,2.1248302459716797,0.007088422775268555,2.1319186687469482,1.0086431503295898,1.1161870956420898
20,5,IPv6,3,iot7,2.150353193283081,0.005115509033203125,2.155468702316284,1.0498647689819336,1.1004884243011475
20,5,IPv6,3,iot10,2.216242790222168,0.006734132766723633,2.2229769229888916,0.9765346050262451,1.2397081851959229
20,5,IPv6,3,iot6,2.288475751876831,0.00740504264831543,2.2958807945251465,1.0341639518737793,1.2543118000030518
20,5,IPv6,3,iot13,2.2678446769714355,0.008804559707641602,2.276649236679077,0.9217839241027832,1.3460607528686523
20,5,IPv6,3,iot2,2.316754102706909,0.005742788314819336,2.3224968910217285,1.0206317901611328,1.2961223125457764
20,5,IPv6,3,iot12,2.268601894378662,0.003579378128051758,2.272181272506714,0.9969863891601562,1.2716155052185059
20,5,IPv6,3,iot19,2.2444908618927,0.002184152603149414,2.2466750144958496,0.9174768924713135,1.3270139694213867
20,5,IPv6,3,iot3,2.3843963146209717,0.0022287368774414062,2.386625051498413,0.9440677165985107,1.440328598022461
20,5,IPv6,3,iot9,2.4349265098571777,0.005671024322509766,2.4405975341796875,1.0595128536224365,1.3754136562347412
20,5,IPv6,3,iot20,2.371943712234497,0.002801656723022461,2.3747453689575195,0.9753501415252686,1.3965935707092285
20,5,IPv6,3,iot16,2.3921689987182617,0.0024640560150146484,2.3946330547332764,0.9408576488494873,1.4513113498687744
20,5,IPv6,3,iot5,2.6840524673461914,0.0025632381439208984,2.6866157054901123,0.9881308078765869,1.6959216594696045
20,5,IPv6,3,iot4,2.703209400177002,0.002134084701538086,2.70534348487854,1.064779281616211,1.638430118560791
20,5,IPv6,3,iot8,2.714496612548828,0.0022039413452148438,2.716700553894043,1.0483262538909912,1.666170358657837
20,5,IPv6,3,iot17,2.7240304946899414,0.0022897720336914062,2.726320266723633,0.9305169582366943,1.793513536453247
20,5,IPv6,3,iot18,2.6993319988250732,0.0024499893188476562,2.701781988143921,0.9437253475189209,1.7556066513061523
20,5,IPv6,3,iot15,2.8478596210479736,0.0024344921112060547,2.8502941131591797,0.9789042472839355,1.868955373764038
20,5,IPv6,3,iot14,2.954359769821167,0.0023186206817626953,2.9566783905029297,0.9196274280548096,2.0347323417663574
20,5,IPv6,4,iot14,2.061115264892578,0.011783838272094727,2.072899103164673,0.8817281723022461,1.179387092590332
20,5,IPv6,4,iot16,2.019319534301758,0.018941402435302734,2.0382609367370605,0.8896989822387695,1.1296205520629883
20,5,IPv6,4,iot10,2.110947847366333,0.019340038299560547,2.1302878856658936,0.9957630634307861,1.1151847839355469
20,5,IPv6,4,iot2,2.231269359588623,0.014729499816894531,2.2459988594055176,1.0449447631835938,1.1863245964050293
20,5,IPv6,4,iot19,2.163024425506592,0.007269382476806641,2.1702938079833984,0.9595773220062256,1.2034471035003662
20,5,IPv6,4,iot12,2.2028520107269287,0.005395412445068359,2.208247423171997,0.9582662582397461,1.2445857524871826
20,5,IPv6,4,iot15,2.1722702980041504,0.007348060607910156,2.1796183586120605,0.9668316841125488,1.2054386138916016
20,5,IPv6,4,iot4,2.30041241645813,0.007174968719482422,2.3075873851776123,0.9986128807067871,1.3017995357513428
20,5,IPv6,4,iot6,2.413771152496338,0.004981517791748047,2.418752670288086,1.0283832550048828,1.385387897491455
20,5,IPv6,4,iot7,2.4361279010772705,0.0028486251831054688,2.438976526260376,0.9982423782348633,1.4378855228424072
20,5,IPv6,4,iot17,2.637601613998413,0.007132530212402344,2.6447341442108154,0.9225959777832031,1.71500563621521
20,5,IPv6,4,iot8,2.6420693397521973,0.0022711753845214844,2.6443405151367188,0.9553816318511963,1.686687707901001
20,5,IPv6,4,iot9,2.7840824127197266,0.0026793479919433594,2.78676176071167,0.9954118728637695,1.788670539855957
20,5,IPv6,4,iot20,2.7737085819244385,0.008226394653320312,2.781934976577759,0.9726178646087646,1.8010907173156738
20,5,IPv6,4,iot11,2.820002555847168,0.005125999450683594,2.8251285552978516,0.9480607509613037,1.8719418048858643
20,5,IPv6,4,iot13,2.8057165145874023,0.005341053009033203,2.8110575675964355,1.0043303966522217,1.8013861179351807
20,5,IPv6,4,iot5,2.9580883979797363,0.003728151321411133,2.9618165493011475,1.0029888153076172,1.9550995826721191
20,5,IPv6,4,iot3,3.023576021194458,0.002347707748413086,3.025923728942871,0.9501166343688965,2.0734593868255615
20,5,IPv6,4,iot18,2.9580843448638916,0.0022182464599609375,2.9603025913238525,0.8779535293579102,2.0801308155059814
20,5,IPv6,4,iot1,3.0224170684814453,0.0023102760314941406,3.0247273445129395,1.0161116123199463,2.006305456161499
20,5,IPv6,5,iot5,2.0768308639526367,0.005837440490722656,2.0826683044433594,1.0155794620513916,1.0612514019012451
20,5,IPv6,5,iot2,2.1866135597229004,0.01295924186706543,2.199572801589966,0.999868631362915,1.1867449283599854
20,5,IPv6,5,iot16,2.1630141735076904,0.01076960563659668,2.173783779144287,0.9453024864196777,1.2177116870880127
20,5,IPv6,5,iot11,2.1347591876983643,0.003823995590209961,2.138583183288574,0.9750292301177979,1.1597299575805664
20,5,IPv6,5,iot3,2.1889407634735107,0.00889444351196289,2.1978352069854736,0.9629645347595215,1.2259762287139893
20,5,IPv6,5,iot12,2.253218650817871,0.0057697296142578125,2.258988380432129,0.9337759017944336,1.3194427490234375
20,5,IPv6,5,iot15,2.271728515625,0.002412557601928711,2.2741410732269287,0.9444630146026611,1.3272655010223389
20,5,IPv6,5,iot19,2.3122200965881348,0.002611398696899414,2.314831495285034,0.9189620018005371,1.3932580947875977
20,5,IPv6,5,iot6,2.476006507873535,0.006669759750366211,2.4826762676239014,1.0497143268585205,1.4262921810150146
20,5,IPv6,5,iot8,2.4414570331573486,0.008306264877319336,2.449763298034668,0.9915492534637451,1.4499077796936035
20,5,IPv6,5,iot17,2.4876596927642822,0.0022470951080322266,2.4899067878723145,1.0165917873382568,1.4710679054260254
20,5,IPv6,5,iot14,2.408188819885254,0.0021584033966064453,2.4103472232818604,0.9723095893859863,1.4358792304992676
20,5,IPv6,5,iot13,2.455676555633545,0.009316444396972656,2.4649930000305176,0.9675467014312744,1.4881298542022705
20,5,IPv6,5,iot10,2.6450083255767822,0.004172086715698242,2.6491804122924805,0.9658718109130859,1.6791365146636963
20,5,IPv6,5,iot20,2.672870397567749,0.0022754669189453125,2.6751458644866943,0.9019911289215088,1.7708792686462402
20,5,IPv6,5,iot18,2.7484548091888428,0.002384185791015625,2.7508389949798584,0.9673495292663574,1.7811052799224854
20,5,IPv6,5,iot4,2.812807083129883,0.002277851104736328,2.815084934234619,1.0076823234558105,1.8051247596740723
20,5,IPv6,5,iot9,2.906956911087036,0.0030362606048583984,2.9099931716918945,1.0596532821655273,1.8473036289215088
20,5,IPv6,5,iot1,2.918355941772461,0.00490260124206543,2.9232585430145264,0.9984216690063477,1.9199342727661133
20,5,IPv6,5,iot7,2.9095897674560547,0.0033817291259765625,2.9129714965820312,0.9343204498291016,1.9752693176269531
50,5,IPv4,1,iot2,1.3523476123809814,0.0020966529846191406,1.3544442653656006,,
50,5,IPv4,1,iot3,1.3986191749572754,0.005808830261230469,1.4044280052185059,,
50,5,IPv4,1,iot23,1.3731012344360352,0.004545688629150391,1.3776469230651855,,
50,5,IPv4,1,iot21,1.4056835174560547,0.002454519271850586,1.4081380367279053,,
50,5,IPv4,1,iot5,1.6175682544708252,0.014007806777954102,1.6315760612487793,,
50,5,IPv4,1,iot13,1.6018965244293213,0.021518707275390625,1.623415231704712,,
50,5,IPv4,1,iot29,1.5136661529541016,0.025241613388061523,1.538907766342163,,
50,5,IPv4,1,iot41,1.5115013122558594,0.030966758728027344,1.5424680709838867,,
50,5,IPv4,1,iot10,1.7511177062988281,0.022896289825439453,1.7740139961242676,,
50,5,IPv4,1,iot9,1.826781988143921,0.06810688972473145,1.8948888778686523,,
50,5,IPv4,1,iot1,1.893693208694458,0.05717778205871582,1.9508709907531738,,
50,5,IPv4,1,iot15,2.0148708820343018,0.056108713150024414,2.070979595184326,,
50,5,IPv4,1,iot8,2.145699977874756,0.03741097450256348,2.1831109523773193,,
50,5,IPv4,1,iot14,2.146730422973633,0.026114940643310547,2.1728453636169434,,
50,5,IPv4,1,iot31,1.9881978034973145,0.023456811904907227,2.0116546154022217,,
50,5,IPv4,1,iot48,1.935640573501587,0.03136730194091797,1.9670078754425049,,
50,5,IPv4,1,iot6,2.166468620300293,0.051058053970336914,2.21752667427063,,
50,5,IPv4,1,iot12,2.191026449203491,0.028036117553710938,2.219062566757202,,
50,5,IPv4,1,iot18,2.179069757461548,0.03681516647338867,2.2158849239349365,,
50,5,IPv4,1,iot28,2.088498830795288,0.037634849548339844,2.126133680343628,,
50,5,IPv4,1,iot46,1.9906401634216309,0.049680233001708984,2.04032039642334,,
50,5,IPv4,1,iot11,2.2855985164642334,0.04927515983581543,2.334873676300049,,
50,5,IPv4,1,iot24,2.2284791469573975,0.059838294982910156,2.2883174419403076,,
50,5,IPv4,1,iot38,2.22184157371521,0.042096853256225586,2.2639384269714355,,
50,5,IPv4,1,iot16,2.257439374923706,0.04238009452819824,2.2998194694519043,,
50,5,IPv4,1,iot49,2.096362590789795,0.041876792907714844,2.1382393836975098,,
50,5,IPv4,1,iot17,2.276643991470337,0.045754432678222656,2.3223984241485596,,
50,5,IPv4,1,iot7,2.3498075008392334,0.04029369354248047,2.390101194381714,,
50,5,IPv4,1,iot47,2.118809938430786,0.046510934829711914,2.165320873260498,,
50,5,IPv4,1,iot19,2.3343746662139893,0.03110527992248535,2.3654799461364746,,
50,5,IPv4,1,iot32,2.309713363647461,0.023566722869873047,2.333280086517334,,
50,5,IPv4,1,iot22,2.2408835887908936,0.045056819915771484,2.285940408706665,,
50,5,IPv4,1,iot45,2.2518091201782227,0.043921470642089844,2.2957305908203125,,
50,5,IPv4,1,iot39,2.1914827823638916,0.031247615814208984,2.2227303981781006,,
50,5,IPv4,1,iot20,2.342280149459839,0.017850637435913086,2.360130786895752,,
50,5,IPv4,1,iot26,2.3280653953552246,0.023283720016479492,2.351349115371704,,
50,5,IPv4,1,iot27,2.3357715606689453,0.027207136154174805,2.36297869682312,,
50,5,IPv4,1,iot43,2.146592378616333,0.02089977264404297,2.167492151260376,,
50,5,IPv4,1,iot35,2.357970714569092,0.014594078063964844,2.3725647926330566,,
50,5,IPv4,1,iot34,2.3823401927948,0.011014938354492188,2.393355131149292,,
50,5,IPv4,1,iot50,2.336318016052246,0.01839756965637207,2.354715585708618,,
50,5,IPv4,1,iot36,2.331131935119629,0.017136096954345703,2.3482680320739746,,
50,5,IPv4,1,iot37,2.27738618850708,0.016562938690185547,2.2939491271972656,,
50,5,IPv4,1,iot44,2.29055118560791,0.010039091110229492,2.3005902767181396,,
50,5,IPv4,1,iot4,2.5204553604125977,0.012447595596313477,2.532902956008911,,
50,5,IPv4,1,iot30,2.432003974914551,0.012045621871948242,2.444049596786499,,
50,5,IPv4,1,iot40,2.336782455444336,0.007383823394775391,2.3441662788391113,,
50,5,IPv4,1,iot42,2.139371871948242,0.006313323974609375,2.1456851959228516,,
50,5,IPv4,1,iot33,2.4121391773223877,0.014063835144042969,2.4262030124664307,,
50,5,IPv4,1,iot25,2.3993208408355713,0.003100872039794922,2.402421712875366,,
50,5,IPv4,2,iot9,1.253154993057251,0.0019104480743408203,1.2550654411315918,,
50,5,IPv4,2,iot28,1.2220277786254883,0.0025708675384521484,1.2245986461639404,,
50,5,IPv4,2,iot2,1.4142851829528809,0.005885124206542969,1.4201703071594238,,
50,5,IPv4,2,iot1,1.4506783485412598,0.005263328552246094,1.4559416770935059,,
50,5,IPv4,2,iot4,1.4593877792358398,0.006925821304321289,1.4663136005401611,,
50,5,IPv4,2,iot38,1.3505568504333496,0.008306503295898438,1.358863353729248,,
50,5,IPv4,2,iot40,1.3384017944335938,0.006460905075073242,1.344862699508667,,
50,5,IPv4,2,iot19,1.4569873809814453,0.007927894592285156,1.4649152755737305,,
50,5,IPv4,2,iot18,1.4664011001586914,0.005761146545410156,1.4721622467041016,,
50,5,IPv4,2,iot8,1.5242323875427246,0.006376743316650391,1.530609130859375,,
50,5,IPv4,2,iot14,1.5464277267456055,0.003836393356323242,1.5502641201019287,,
50,5,IPv4,2,iot3,1.591562271118164,0.005237102508544922,1.596799373626709,,
50,5,IPv4,2,iot15,1.5999186038970947,0.0073702335357666016,1.6072888374328613,,
50,5,IPv4,2,iot13,1.630695104598999,0.0042972564697265625,1.6349923610687256,,
50,5,IPv4,2,iot6,1.6548552513122559,0.004198789596557617,1.6590540409088135,,
50,5,IPv4,2,iot7,1.7161264419555664,0.00677180290222168,1.722898244857788,,
50,5,IPv4,2,iot24,1.569350004196167,0.03599810600280762,1.6053481101989746,,
50,5,IPv4,2,iot11,1.7408204078674316,0.030234813690185547,1.7710552215576172,,
50,5,IPv4,2,iot12,1.8574333190917969,0.018459081649780273,1.8758924007415771,,
50,5,IPv4,2,iot48,1.5579004287719727,0.0494227409362793,1.607323169708252,,
50,5,IPv4,2,iot33,1.69222092628479,0.062197208404541016,1.754418134689331,,
50,5,IPv4,2,iot10,2.0106360912323,0.025577783584594727,2.0362138748168945,,
50,5,IPv4,2,iot35,1.795076847076416,0.014373779296875,1.809450626373291,,
50,5,IPv4,2,iot41,1.768965482711792,0.03580307960510254,1.8047685623168945,,
50,5,IPv4,2,iot39,1.8211326599121094,0.0323638916015625,1.8534965515136719,,
50,5,IPv4,2,iot42,1.68949294090271,0.038666725158691406,1.7281596660614014,,
50,5,IPv4,2,iot5,2.1646299362182617,0.01885676383972168,2.1834867000579834,,
50,5,IPv4,2,iot22,2.038455009460449,0.04825901985168457,2.086714029312134,,
50,5,IPv4,2,iot17,2.117532968521118,0.04718899726867676,2.164721965789795,,
50,5,IPv4,2,iot37,1.8544836044311523,0.017627477645874023,1.8721110820770264,,
50,5,IPv4,2,iot50,1.9573228359222412,0.042302608489990234,1.9996254444122314,,
50,5,IPv4,2,iot20,2.110344171524048,0.03547859191894531,2.145822763442993,,
50,5,IPv4,2,iot16,2.135024309158325,0.05040431022644043,2.1854286193847656,,
50,5,IPv4,2,iot32,2.0486972332000732,0.049817800521850586,2.098515033721924,,
50,5,IPv4,2,iot27,2.1764073371887207,0.005009174346923828,2.1814165115356445,,
50,5,IPv4,2,iot49,1.796630859375,0.02570056915283203,1.822331428527832,,
50,5,IPv4,2,iot46,1.907641887664795,0.014961719512939453,1.9226036071777344,,
50,5,IPv4,2,iot45,1.9762458801269531,0.022490978240966797,1.99873685836792,,
50,5,IPv4,2,iot36,1.9569170475006104,0.029747486114501953,1.9866645336151123,,
50,5,IPv4,2,iot47,2.0870206356048584,0.029737234115600586,2.116757869720459,,
50,5,IPv4,2,iot21,2.2434468269348145,0.018848657608032227,2.2622954845428467,,
50,5,IPv4,2,iot29,2.1846096515655518,0.02671217918395996,2.2113218307495117,,
50,5,IPv4,2,iot44,2.0395407676696777,0.008378744125366211,2.047919511795044,,
50,5,IPv4,2,iot30,2.205068588256836,0.011226415634155273,2.216295003890991,,
50,5,IPv4,2,iot31,2.210484266281128,0.011193990707397461,2.2216782569885254,,
50,5,IPv4,2,iot26,2.218491554260254,0.009375810623168945,2.227867364883423,,
50,5,IPv4,2,iot43,1.962583065032959,0.009048700332641602,1.9716317653656006,,
50,5,IPv4,2,iot34,2.2519192695617676,0.005646467208862305,2.25756573677063,,
50,5,IPv4,2,iot23,2.1992874145507812,0.00538945198059082,2.204676866531372,,
50,5,IPv4,2,iot25,2.2731857299804688,0.0043790340423583984,2.277564764022827,,
50,5,IPv4,3,iot5,1.2822895050048828,0.0021545886993408203,1.2844440937042236,,
50,5,IPv4,3,iot15,1.1856162548065186,0.0023162364959716797,1.1879324913024902,,
50,5,IPv4,3,iot9,1.3638582229614258,0.004367351531982422,1.3682255744934082,,
50,5,IPv4,3,iot32,1.2245912551879883,0.002192258834838867,1.2267835140228271,,
50,5,IPv4,3,iot4,1.421459674835205,0.003358602523803711,1.4248182773590088,,
50,5,IPv4,3,iot14,1.4001221656799316,0.0023725032806396484,1.4024946689605713,,
50,5,IPv4,3,iot6,1.451479196548462,0.007315397262573242,1.4587945938110352,,
50,5,IPv4,3,iot10,1.498593807220459,0.018739700317382812,1.5173335075378418,,
50,5,IPv4,3,iot26,1.3691792488098145,0.006752967834472656,1.375932216644287,,
50,5,IPv4,3,iot8,1.5359725952148438,0.013927936553955078,1.5499005317687988,,
50,5,IPv4,3,iot1,1.6059997081756592,0.017902135848999023,1.6239018440246582,,
50,5,IPv4,3,iot3,1.6292004585266113,0.01130819320678711,1.6405086517333984,,
50,5,IPv4,3,iot17,1.6102359294891357,0.006439208984375,1.6166751384735107,,
50,5,IPv4,3,iot2,1.6468474864959717,0.013729572296142578,1.6605770587921143,,
50,5,IPv4,3,iot11,1.6306192874908447,0.0065953731536865234,1.6372146606445312,,
50,5,IPv4,3,iot7,1.7014315128326416,0.017992258071899414,1.719423770904541,,
50,5,IPv4,3,iot13,1.6060709953308105,0.01970958709716797,1.6257805824279785,,
50,5,IPv4,3,iot39,1.5486929416656494,0.06783699989318848,1.616529941558838,,
50,5,IPv4,3,iot38,1.5947778224945068,0.05840015411376953,1.6531779766082764,,
50,5,IPv4,3,iot31,1.802398443222046,0.062436819076538086,1.864835262298584,,
50,5,IPv4,3,iot24,1.8760318756103516,0.06142854690551758,1.9374604225158691,,
50,5,IPv4,3,iot37,1.747727394104004,0.057395219802856445,1.8051226139068604,,
50,5,IPv4,3,iot12,1.972015619277954,0.05946516990661621,2.0314807891845703,,
50,5,IPv4,3,iot40,1.800757884979248,0.027496337890625,1.828254222869873,,
50,5,IPv4,3,iot35,1.9233043193817139,0.05378890037536621,1.97709321975708,,
50,5,IPv4,3,iot43,2.0260088443756104,0.02734684944152832,2.0533556938171387,,
50,5,IPv4,3,iot36,1.8988807201385498,0.022029399871826172,1.920910120010376,,
50,5,IPv4,3,iot48,1.7500221729278564,0.027951955795288086,1.7779741287231445,,
50,5,IPv4,3,iot21,2.0868020057678223,0.05251479148864746,2.1393167972564697,,
50,5,IPv4,3,iot19,2.1117496490478516,0.05745363235473633,2.169203281402588,,
50,5,IPv4,3,iot34,1.9802780151367188,0.05997824668884277,2.0402562618255615,,
50,5,IPv4,3,iot20,2.131997585296631,0.009023666381835938,2.141021251678467,,
50,5,IPv4,3,iot27,2.025339126586914,0.016698360443115234,2.0420374870300293,,
50,5,IPv4,3,iot16,2.103168487548828,0.0398409366607666,2.1430094242095947,,
50,5,IPv4,3,iot30,2.1320741176605225,0.008179664611816406,2.140253782272339,,
50,5,IPv4,3,iot23,2.2577738761901855,0.029932737350463867,2.2877066135406494,,
50,5,IPv4,3,iot44,1.9602396488189697,0.017059803009033203,1.977299451828003,,
50,5,IPv4,3,iot42,1.8604366779327393,0.023469209671020508,1.8839058876037598,,
50,5,IPv4,3,iot46,1.9737975597381592,0.018396854400634766,1.992194414138794,,
50,5,IPv4,3,iot18,2.2999956607818604,0.01594829559326172,2.315943956375122,,
50,5,IPv4,3,iot22,2.29268479347229,0.016531705856323242,2.3092164993286133,,
50,5,IPv4,3,iot45,1.8706767559051514,0.0179440975189209,1.8886208534240723,,
50,5,IPv4,3,iot28,2.099534034729004,0.02050304412841797,2.120037078857422,,
50,5,IPv4,3,iot50,1.9106364250183105,0.02386474609375,1.9345011711120605,,
50,5,IPv4,3,iot41,1.9016242027282715,0.006806135177612305,1.9084303379058838,,
50,5,IPv4,3,iot29,2.071610927581787,0.008408784866333008,2.08001971244812,,
50,5,IPv4,3,iot47,1.9649572372436523,0.006067991256713867,1.9710252285003662,,
50,5,IPv4,3,iot33,2.0533416271209717,0.008109092712402344,2.061450719833374,,
50,5,IPv4,3,iot49,1.9274156093597412,0.005427360534667969,1.9328429698944092,,
50,5,IPv4,3,iot25,2.1600723266601562,0.006379604339599609,2.166451930999756,,
50,5,IPv4,4,iot4,1.2713205814361572,0.002343893051147461,1.2736644744873047,,
50,5,IPv4,4,iot2,1.3875682353973389,0.0037124156951904297,1.3912806510925293,,
50,5,IPv4,4,iot21,1.2483866214752197,0.00185394287109375,1.2502405643463135,,
50,5,IPv4,4,iot13,1.4209911823272705,0.006716251373291016,1.4277074337005615,,
50,5,IPv4,4,iot34,1.3861052989959717,0.0056629180908203125,1.391768217086792,,
50,5,IPv4,4,iot15,1.4391508102416992,0.0022423267364501953,1.4413931369781494,,
50,5,IPv4,4,iot11,1.5234763622283936,0.011881113052368164,1.5353574752807617,,
50,5,IPv4,4,iot10,1.5895254611968994,0.020068645477294922,1.6095941066741943,,
50,5,IPv4,4,iot12,1.5899369716644287,0.02807021141052246,1.6180071830749512,,
50,5,IPv4,4,iot17,1.6800804138183594,0.009736061096191406,1.6898164749145508,,
50,5,IPv4,4,iot3,1.694183111190796,0.027148962020874023,1.72133207321167,,
50,5,IPv4,4,iot20,1.6770551204681396,0.02924060821533203,1.7062957286834717,,
50,5,IPv4,4,iot40,1.475609540939331,0.02954411506652832,1.5051536560058594,,
50,5,IPv4,4,iot6,1.7755014896392822,0.04026985168457031,1.8157713413238525,,
50,5,IPv4,4,iot7,1.862914800643921,0.05247211456298828,1.9153869152069092,,
50,5,IPv4,4,iot5,1.9996058940887451,0.04776954650878906,2.047375440597534,,
50,5,IPv4,4,iot32,1.9730925559997559,0.019875526428222656,1.9929680824279785,,
50,5,IPv4,4,iot38,1.8779056072235107,0.017160654067993164,1.895066261291504,,
50,5,IPv4,4,iot50,1.5509426593780518,0.02668309211730957,1.5776257514953613,,
50,5,IPv4,4,iot19,2.0053491592407227,0.06092262268066406,2.0662717819213867,,
50,5,IPv4,4,iot16,2.0794389247894287,0.015613317489624023,2.0950522422790527,,
50,5,IPv4,4,iot28,2.057065725326538,0.013067245483398438,2.0701329708099365,,
50,5,IPv4,4,iot9,2.1201367378234863,0.013760089874267578,2.133896827697754,,
50,5,IPv4,4,iot47,1.639019250869751,0.030102014541625977,1.669121265411377,,
50,5,IPv4,4,iot30,2.0126194953918457,0.030501842498779297,2.043121337890625,,
50,5,IPv4,4,iot1,2.194457530975342,0.03453207015991211,2.228989601135254,,
50,5,IPv4,4,iot36,2.0816383361816406,0.042789459228515625,2.1244277954101562,,
50,5,IPv4,4,iot48,1.9074304103851318,0.024593353271484375,1.9320237636566162,,
50,5,IPv4,4,iot8,2.2048447132110596,0.034551382064819336,2.239396095275879,,
50,5,IPv4,4,iot29,2.1617770195007324,0.03411507606506348,2.195892095565796,,
50,5,IPv4,4,iot25,2.1955349445343018,0.03189492225646973,2.2274298667907715,,
50,5,IPv4,4,iot41,1.9894893169403076,0.03939080238342285,2.0288801193237305,,
50,5,IPv4,4,iot35,2.062575101852417,0.02518177032470703,2.087756872177124,,
50,5,IPv4,4,iot39,2.0186150074005127,0.019804000854492188,2.038419008255005,,
50,5,IPv4,4,iot33,2.198978900909424,0.019071340560913086,2.218050241470337,,
50,5,IPv4,4,iot14,2.272050142288208,0.02657604217529297,2.298626184463501,,
50,5,IPv4,4,iot18,2.2829811573028564,0.024161577224731445,2.307142734527588,,
50,5,IPv4,4,iot45,1.9859375953674316,0.017446279525756836,2.0033838748931885,,
50,5,IPv4,4,iot43,2.0853965282440186,0.00807952880859375,2.0934760570526123,,
50,5,IPv4,4,iot31,2.222325563430786,0.032390594482421875,2.254716157913208,,
50,5,IPv4,4,iot22,2.2797069549560547,0.023230791091918945,2.3029377460479736,,
50,5,IPv4,4,iot27,2.2786176204681396,0.013382196426391602,2.2919998168945312,,
50,5,IPv4,4,iot23,2.1722371578216553,0.0245664119720459,2.196803569793701,,
50,5,IPv4,4,iot42,2.121931552886963,0.0071353912353515625,2.1290669441223145,,
50,5,IPv4,4,iot24,2.2200286388397217,0.016126632690429688,2.2361552715301514,,
50,5,IPv4,4,iot44,2.1469500064849854,0.010378360748291016,2.1573283672332764,,
50,5,IPv4,4,iot46,2.0253145694732666,0.011367321014404297,2.036681890487671,,
50,5,IPv4,4,iot26,2.214454412460327,0.00473785400390625,2.2191922664642334,,
50,5,IPv4,4,iot49,1.9944994449615479,0.007927417755126953,2.002426862716675,,
50,5,IPv4,4,iot37,2.1807525157928467,0.003246784210205078,2.1839993000030518,,
50,5,IPv4,5,iot2,1.2687928676605225,0.002304553985595703,1.2710974216461182,,
50,5,IPv4,5,iot9,1.471557855606079,0.0025086402893066406,1.4740664958953857,,
50,5,IPv4,5,iot3,1.5033352375030518,0.003091573715209961,1.5064268112182617,,
50,5,IPv4,5,iot18,1.495915174484253,0.004885196685791016,1.500800371170044,,
50,5,IPv4,5,iot1,1.5958044528961182,0.009833574295043945,1.605638027191162,,
50,5,IPv4,5,iot32,1.4937655925750732,0.011214971542358398,1.5049805641174316,,
50,5,IPv4,5,iot17,1.467750072479248,0.0027725696563720703,1.4705226421356201,,
50,5,IPv4,5,iot15,1.5902073383331299,0.0024166107177734375,1.5926239490509033,,
50,5,IPv4,5,iot23,1.6002397537231445,0.003425121307373047,1.6036648750305176,,
50,5,IPv4,5,iot21,1.6345007419586182,0.01672983169555664,1.6512305736541748,,
50,5,IPv4,5,iot22,1.5688443183898926,0.016363859176635742,1.5852081775665283,,
50,5,IPv4,5,iot24,1.9045794010162354,0.04467129707336426,1.9492506980895996,,
50,5,IPv4,5,iot10,2.070007562637329,0.03553175926208496,2.105539321899414,,
50,5,IPv4,5,iot8,2.1270158290863037,0.008828878402709961,2.1358447074890137,,
50,5,IPv4,5,iot5,2.121838331222534,0.028100013732910156,2.1499383449554443,,
50,5,IPv4,5,iot16,2.1242473125457764,0.0158538818359375,2.140101194381714,,
50,5,IPv4,5,iot50,1.9895846843719482,0.048911094665527344,2.0384957790374756,,
50,5,IPv4,5,iot43,2.0066702365875244,0.05238485336303711,2.0590550899505615,,
50,5,IPv4,5,iot11,2.1535162925720215,0.03979825973510742,2.193314552307129,,
50,5,IPv4,5,iot4,2.2016873359680176,0.04492831230163574,2.2466156482696533,,
50,5,IPv4,5,iot39,2.078068971633911,0.035665035247802734,2.113734006881714,,
50,5,IPv4,5,iot30,2.145937442779541,0.03416275978088379,2.180100202560425,,
50,5,IPv4,5,iot45,2.093629837036133,0.02070927619934082,2.1143391132354736,,
50,5,IPv4,5,iot37,1.9453699588775635,0.039673805236816406,1.9850437641143799,,
50,5,IPv4,5,iot6,2.2174832820892334,0.037545204162597656,2.255028486251831,,
50,5,IPv4,5,iot47,2.101930618286133,0.026912927627563477,2.1288435459136963,,
50,5,IPv4,5,iot12,2.221968650817871,0.04620623588562012,2.268174886703491,,
50,5,IPv4,5,iot49,2.142576217651367,0.02737259864807129,2.1699488162994385,,
50,5,IPv4,5,iot38,2.135111093521118,0.04663348197937012,2.1817445755004883,,
50,5,IPv4,5,iot7,2.267552137374878,0.054218292236328125,2.321770429611206,,
50,5,IPv4,5,iot29,2.1587703227996826,0.04499220848083496,2.2037625312805176,,
50,5,IPv4,5,iot13,2.2699856758117676,0.02425360679626465,2.2942392826080322,,
50,5,IPv4,5,iot20,2.2814300060272217,0.021795272827148438,2.30322527885437,,
50,5,IPv4,5,iot28,2.3047146797180176,0.02731180191040039,2.332026481628418,,
50,5,IPv4,5,iot25,2.3078765869140625,0.017009496688842773,2.3248860836029053,,
50,5,IPv4,5,iot31,2.2903482913970947,0.015142202377319336,2.305490493774414,,
50,5,IPv4,5,iot41,2.1909306049346924,0.029678821563720703,2.220609426498413,,
50,5,IPv4,5,iot35,2.2495219707489014,0.02513575553894043,2.274657726287842,,
50,5,IPv4,5,iot14,2.3304293155670166,0.02667975425720215,2.3571090698242188,,
50,5,IPv4,5,iot40,2.2795302867889404,0.032572269439697266,2.3121025562286377,,
50,5,IPv4,5,iot34,2.313906192779541,0.020422697067260742,2.3343288898468018,,
50,5,IPv4,5,iot27,2.3606483936309814,0.02582550048828125,2.3864738941192627,,
50,5,IPv4,5,iot48,2.3140408992767334,0.015879392623901367,2.3299202919006348,,
50,5,IPv4,5,iot42,2.309788465499878,0.0179750919342041,2.327763557434082,,
50,5,IPv4,5,iot36,2.321918487548828,0.013661861419677734,2.335580348968506,,
50,5,IPv4,5,iot33,2.3382058143615723,0.010905265808105469,2.3491110801696777,,
50,5,IPv4,5,iot46,2.3370778560638428,0.0068798065185546875,2.3439576625823975,,
50,5,IPv4,5,iot26,2.4151294231414795,0.0042743682861328125,2.4194037914276123,,
50,5,IPv4,5,iot44,2.352186918258667,0.0036382675170898438,2.355825185775757,,
50,5,IPv4,5,iot19,2.3645994663238525,0.0048139095306396484,2.369413375854492,,
50,5,IPv6,1,iot13,2.016282320022583,0.015802621841430664,2.0320849418640137,1.0141289234161377,1.0021533966064453
50,5,IPv6,1,iot4,2.069056987762451,0.013448715209960938,2.082505702972412,0.9528312683105469,1.1162257194519043
50,5,IPv6,1,iot34,1.9626379013061523,0.006955623626708984,1.9695935249328613,0.8884353637695312,1.074202537536621
50,5,IPv6,1,iot28,1.8989038467407227,0.017533540725708008,1.9164373874664307,0.907573938369751,0.9913299083709717
50,5,IPv6,1,iot5,2.114924192428589,0.007298707962036133,2.122222900390625,1.1957907676696777,0.9191334247589111
50,5,IPv6,1,iot42,1.7774074077606201,0.018720626831054688,1.7961280345916748,0.8444859981536865,0.9329214096069336
50,5,IPv6,1,iot41,1.9707186222076416,0.016304731369018555,1.9870233535766602,0.8051917552947998,1.1655268669128418
50,5,IPv6,1,iot21,1.946904182434082,0.012208938598632812,1.9591131210327148,1.0537045001983643,0.8931996822357178
50,5,IPv6,1,iot17,1.9875361919403076,0.012400388717651367,1.999936580657959,1.014946699142456,0.9725894927978516
50,5,IPv6,1,iot29,2.0660245418548584,0.010869026184082031,2.0768935680389404,1.1346125602722168,0.9314119815826416
50,5,IPv6,1,iot48,1.9908676147460938,0.05910158157348633,2.04996919631958,0.7958705425262451,1.1949970722198486
50,5,IPv6,1,iot25,2.068999767303467,0.03386545181274414,2.102865219116211,0.9390339851379395,1.1299657821655273
50,5,IPv6,1,iot33,2.1082518100738525,0.030493736267089844,2.1387455463409424,1.0271990299224854,1.0810527801513672
50,5,IPv6,1,iot44,2.097496747970581,0.028020381927490234,2.1255171298980713,1.0228614807128906,1.0746352672576904
50,5,IPv6,1,iot40,2.0337986946105957,0.0366973876953125,2.070496082305908,0.8737101554870605,1.1600885391235352
50,5,IPv6,1,iot15,2.177551031112671,0.023374557495117188,2.200925588607788,0.8754489421844482,1.3021020889282227
50,5,IPv6,1,iot47,1.9298906326293945,0.020435571670532227,1.9503262042999268,0.6851303577423096,1.244760274887085
50,5,IPv6,1,iot39,1.9534692764282227,0.04362821578979492,1.9970974922180176,0.783595085144043,1.1698741912841797
50,5,IPv6,1,iot46,2.072453498840332,0.04017329216003418,2.112626791000366,0.6889591217041016,1.3834943771362305
50,5,IPv6,1,iot23,2.3074331283569336,0.027936458587646484,2.33536958694458,0.8636744022369385,1.4437587261199951
50,5,IPv6,1,iot14,2.3795177936553955,0.017665386199951172,2.3971831798553467,1.3365263938903809,1.0429913997650146
50,5,IPv6,1,iot18,2.4202775955200195,0.04331398010253906,2.4635915756225586,1.0167450904846191,1.4035325050354004
50,5,IPv6,1,iot9,2.4796833992004395,0.027065038681030273,2.5067484378814697,1.3393950462341309,1.1402883529663086
50,5,IPv6,1,iot50,2.1459085941314697,0.011209487915039062,2.157118082046509,0.7980148792266846,1.3478937149047852
50,5,IPv6,1,iot10,2.486877679824829,0.018189668655395508,2.5050673484802246,1.0371310710906982,1.4497466087341309
50,5,IPv6,1,iot3,2.5129551887512207,0.004723787307739258,2.51767897605896,1.086681604385376,1.4262735843658447
50,5,IPv6,1,iot8,2.430936813354492,0.01645207405090332,2.4473888874053955,1.3991496562957764,1.0317871570587158
50,5,IPv6,1,iot7,2.5569732189178467,0.008214473724365234,2.565187692642212,0.9537336826324463,1.6032395362854004
50,5,IPv6,1,iot1,2.5857863426208496,0.014173269271850586,2.5999596118927,1.273695945739746,1.3120903968811035
50,5,IPv6,1,iot6,2.605159044265747,0.009255647659301758,2.614414691925049,1.1032540798187256,1.5019049644470215
50,5,IPv6,1,iot26,2.5791618824005127,0.007001399993896484,2.586163282394409,0.8705589771270752,1.7086029052734375
50,5,IPv6,1,iot24,2.598065137863159,0.017217636108398438,2.6152827739715576,0.935523509979248,1.6625416278839111
50,5,IPv6,1,iot12,2.5816094875335693,0.005361795425415039,2.5869712829589844,1.0034735202789307,1.5781359672546387
50,5,IPv6,1,iot2,2.70817232131958,0.0073299407958984375,2.7155022621154785,1.068115472793579,1.640056848526001
50,5,IPv6,1,iot36,2.3750200271606445,0.004672527313232422,2.379692554473877,0.6717841625213623,1.7032358646392822
50,5,IPv6,1,iot45,2.4164576530456543,0.017036914825439453,2.4334945678710938,0.6582739353179932,1.7581837177276611
50,5,IPv6,1,iot27,2.574233293533325,0.01220560073852539,2.5864388942718506,0.9442179203033447,1.6300153732299805
50,5,IPv6,1,iot43,2.5787224769592285,0.005357027053833008,2.5840795040130615,0.7891213893890381,1.7896010875701904
50,5,IPv6,1,iot35,2.59662127494812,0.00806570053100586,2.604686975479126,0.8800842761993408,1.7165369987487793
50,5,IPv6,1,iot38,2.586466073989868,0.007651805877685547,2.5941178798675537,0.9280283451080322,1.658437728881836
50,5,IPv6,1,iot22,2.612222671508789,0.013509273529052734,2.625731945037842,0.9791915416717529,1.6330311298370361
50,5,IPv6,1,iot37,2.569204568862915,0.004880189895629883,2.574084758758545,0.904158353805542,1.665046215057373
50,5,IPv6,1,iot30,2.708188533782959,0.004389762878417969,2.712578296661377,0.8340296745300293,1.8741588592529297
50,5,IPv6,1,iot11,2.836744546890259,0.005329608917236328,2.842074155807495,1.0846197605133057,1.7521247863769531
50,5,IPv6,1,iot20,2.742490291595459,0.0035610198974609375,2.74605131149292,1.3825554847717285,1.3599348068237305
50,5,IPv6,1,iot32,2.6944262981414795,0.002881288528442383,2.697307586669922,0.919661283493042,1.7747650146484375
50,5,IPv6,1,iot49,2.5315475463867188,0.002605915069580078,2.534153461456299,0.7975802421569824,1.7339673042297363
50,5,IPv6,1,iot19,2.7864224910736084,0.004543781280517578,2.790966272354126,1.0462844371795654,1.740138053894043
50,5,IPv6,1,iot16,2.8749215602874756,0.002123117446899414,2.877044677734375,1.1256558895111084,1.7492656707763672
50,5,IPv6,1,iot31,2.814671277999878,0.0023429393768310547,2.817014217376709,0.9655258655548096,1.8491454124450684
50,5,IPv6,2,iot33,1.7811999320983887,0.024260997772216797,1.8054609298706055,1.0484881401062012,0.7327117919921875
50,5,IPv6,2,iot37,1.6156949996948242,0.11246037483215332,1.7281553745269775,0.6135315895080566,1.0021634101867676
50,5,IPv6,2,iot4,2.1195011138916016,0.036519527435302734,2.1560206413269043,0.962141752243042,1.1573593616485596
50,5,IPv6,2,iot16,2.0700011253356934,0.01700305938720703,2.0870041847229004,0.9316167831420898,1.1383843421936035
50,5,IPv6,2,iot49,1.9188337326049805,0.011803388595581055,1.9306371212005615,0.7964704036712646,1.1223633289337158
50,5,IPv6,2,iot45,1.919478178024292,0.011208534240722656,1.9306867122650146,0.9582581520080566,0.9612200260162354
50,5,IPv6,2,iot26,1.8268563747406006,0.026571989059448242,1.8534283638000488,0.8050837516784668,1.0217726230621338
50,5,IPv6,2,iot35,1.732452630996704,0.014811515808105469,1.7472641468048096,0.7197620868682861,1.012690544128418
50,5,IPv6,2,iot12,2.0986199378967285,0.017539501190185547,2.116159439086914,1.1081171035766602,0.9905028343200684
50,5,IPv6,2,iot29,2.035188913345337,0.06379938125610352,2.0989882946014404,0.9739949703216553,1.0611939430236816
50,5,IPv6,2,iot31,2.0996313095092773,0.040817975997924805,2.140449285507202,0.8291430473327637,1.2704882621765137
50,5,IPv6,2,iot21,2.1942505836486816,0.004416704177856445,2.198667287826538,1.0936272144317627,1.100623369216919
50,5,IPv6,2,iot24,2.054893732070923,0.004803895950317383,2.0596976280212402,0.7627670764923096,1.2921266555786133
50,5,IPv6,2,iot22,2.3068337440490723,0.0075800418853759766,2.3144137859344482,1.160104513168335,1.1467292308807373
50,5,IPv6,2,iot36,2.294948101043701,0.009092092514038086,2.3040401935577393,0.8083639144897461,1.486584186553955
50,5,IPv6,2,iot39,2.2914366722106934,0.0066225528717041016,2.2980592250823975,0.8349568843841553,1.456479787826538
50,5,IPv6,2,iot8,2.3762762546539307,0.009363889694213867,2.3856401443481445,0.9893994331359863,1.3868768215179443
50,5,IPv6,2,iot48,2.143049716949463,0.007223367691040039,2.150273084640503,0.6984348297119141,1.4446148872375488
50,5,IPv6,2,iot1,2.531242609024048,0.025149822235107422,2.5563924312591553,1.0367176532745361,1.4945249557495117
50,5,IPv6,2,iot46,2.301934003829956,0.02527928352355957,2.3272132873535156,0.8704400062561035,1.4314939975738525
50,5,IPv6,2,iot14,2.471630573272705,0.026785612106323242,2.4984161853790283,1.1110715866088867,1.3605589866638184
50,5,IPv6,2,iot10,2.5183053016662598,0.00764775276184082,2.5259530544281006,0.9345395565032959,1.5837657451629639
50,5,IPv6,2,iot2,2.5577614307403564,0.019082307815551758,2.576843738555908,1.1245570182800293,1.4332044124603271
50,5,IPv6,2,iot42,2.3283815383911133,0.01753377914428711,2.3459153175354004,0.7585229873657227,1.5698585510253906
50,5,IPv6,2,iot30,2.318263292312622,0.006127357482910156,2.3243906497955322,0.9417514801025391,1.376511812210083
50,5,IPv6,2,iot19,2.5357108116149902,0.03524613380432129,2.5709569454193115,0.8817036151885986,1.6540071964263916
50,5,IPv6,2,iot13,2.594860792160034,0.02253270149230957,2.6173934936523438,1.2333993911743164,1.3614614009857178
50,5,IPv6,2,iot18,2.590550184249878,0.0032472610473632812,2.593797445297241,1.0904605388641357,1.5000896453857422
50,5,IPv6,2,iot23,2.474292516708374,0.010068416595458984,2.484360933303833,0.9889540672302246,1.4853384494781494
50,5,IPv6,2,iot41,2.1233069896698,0.009607076644897461,2.1329140663146973,0.5657980442047119,1.557508945465088
50,5,IPv6,2,iot15,2.687953472137451,0.013909101486206055,2.7018625736236572,1.2729904651641846,1.4149630069732666
50,5,IPv6,2,iot3,2.726322889328003,0.013355016708374023,2.739677906036377,1.0156478881835938,1.7106750011444092
50,5,IPv6,2,iot40,2.542585611343384,0.010159015655517578,2.5527446269989014,1.0884737968444824,1.4541118144989014
50,5,IPv6,2,iot44,2.5156030654907227,0.005005598068237305,2.52060866355896,0.9730091094970703,1.5425939559936523
50,5,IPv6,2,iot43,2.5136029720306396,0.004950046539306641,2.5185530185699463,0.9613540172576904,1.5522489547729492
50,5,IPv6,2,iot5,2.71728253364563,0.003339529037475586,2.7206220626831055,1.446530818939209,1.270751714706421
50,5,IPv6,2,iot9,2.7145512104034424,0.0023412704467773438,2.7168924808502197,1.0214512348175049,1.6930999755859375
50,5,IPv6,2,iot27,2.5101842880249023,0.009002923965454102,2.5191872119903564,0.717745304107666,1.7924389839172363
50,5,IPv6,2,iot25,2.5415565967559814,0.003505706787109375,2.545062303543091,0.9127917289733887,1.6287648677825928
50,5,IPv6,2,iot38,2.695012092590332,0.0021255016326904297,2.6971375942230225,0.8645775318145752,1.8304345607757568
50,5,IPv6,2,iot47,2.5732638835906982,0.002355813980102539,2.575619697570801,0.7898755073547363,1.783388376235962
50,5,IPv6,2,iot28,2.741654396057129,0.005210161209106445,2.7468645572662354,1.1537117958068848,1.5879426002502441
50,5,IPv6,2,iot20,2.7907330989837646,0.002919435501098633,2.7936525344848633,0.8606157302856445,1.9301173686981201
50,5,IPv6,2,iot6,2.872823476791382,0.0029587745666503906,2.8757822513580322,0.9507355690002441,1.9220879077911377
50,5,IPv6,2,iot34,2.7696564197540283,0.002671957015991211,2.7723283767700195,1.1124024391174316,1.6572539806365967
50,5,IPv6,2,iot11,2.9037344455718994,0.003838062286376953,2.9075725078582764,1.2204055786132812,1.6833288669586182
50,5,IPv6,2,iot32,2.7040796279907227,0.0020720958709716797,2.7061517238616943,0.9057178497314453,1.7983617782592773
50,5,IPv6,2,iot50,2.706831932067871,0.0021636486053466797,2.7089955806732178,0.8564832210540771,1.850348711013794
50,5,IPv6,2,iot17,2.9005026817321777,0.002426624298095703,2.9029293060302734,0.9809539318084717,1.919548749923706
50,5,IPv6,2,iot7,2.9412758350372314,0.002212047576904297,2.9434878826141357,1.110795021057129,1.8304808139801025
50,5,IPv6,3,iot42,1.6710307598114014,0.03152036666870117,1.7025511264801025,0.7207176685333252,0.9503130912780762
50,5,IPv6,3,iot50,1.8348255157470703,0.012187480926513672,1.847012996673584,0.8550460338592529,0.9797794818878174
50,5,IPv6,3,iot7,2.1191816329956055,0.03226017951965332,2.151441812515259,1.1370224952697754,0.9821591377258301
50,5,IPv6,3,iot15,2.0231130123138428,0.008772611618041992,2.0318856239318848,1.0668606758117676,0.9562523365020752
50,5,IPv6,3,iot6,2.1657357215881348,0.010467052459716797,2.1762027740478516,1.1239633560180664,1.0417723655700684
50,5,IPv6,3,iot26,2.0960745811462402,0.008262157440185547,2.104336738586426,0.9670162200927734,1.1290583610534668
50,5,IPv6,3,iot47,1.6184768676757812,0.004854679107666016,1.6233315467834473,0.5345234870910645,1.0839533805847168
50,5,IPv6,3,iot4,2.2240450382232666,0.05343747138977051,2.277482509613037,1.1171228885650635,1.1069221496582031
50,5,IPv6,3,iot46,2.100327730178833,0.017100811004638672,2.1174285411834717,0.7798593044281006,1.3204684257507324
50,5,IPv6,3,iot8,2.252962589263916,0.024606704711914062,2.27756929397583,0.9268321990966797,1.3261303901672363
50,5,IPv6,3,iot37,1.9363694190979004,0.011909961700439453,1.9482793807983398,0.5818164348602295,1.354552984237671
50,5,IPv6,3,iot9,2.2689125537872314,0.0226595401763916,2.291572093963623,1.1422655582427979,1.1266469955444336
50,5,IPv6,3,iot22,2.1560375690460205,0.02731633186340332,2.183353900909424,1.025871753692627,1.1301658153533936
50,5,IPv6,3,iot33,2.202572822570801,0.007949352264404297,2.210522174835205,0.815112829208374,1.3874599933624268
50,5,IPv6,3,iot17,2.1027750968933105,0.017864704132080078,2.1206398010253906,0.9274208545684814,1.175354242324829
50,5,IPv6,3,iot13,2.246211051940918,0.015588045120239258,2.2617990970611572,1.069094181060791,1.177116870880127
50,5,IPv6,3,iot44,1.7465531826019287,0.014598846435546875,1.7611520290374756,0.5290913581848145,1.2174618244171143
50,5,IPv6,3,iot28,2.229055166244507,0.011575698852539062,2.240630865097046,0.9673669338226318,1.261688232421875
50,5,IPv6,3,iot34,2.2614805698394775,0.044439077377319336,2.305919647216797,0.8250236511230469,1.4364569187164307
50,5,IPv6,3,iot2,2.385394334793091,0.029048442840576172,2.414442777633667,1.0900685787200928,1.295325756072998
50,5,IPv6,3,iot20,2.317660093307495,0.02494525909423828,2.3426053524017334,1.0926282405853271,1.225031852722168
50,5,IPv6,3,iot3,2.379758596420288,0.02507925033569336,2.4048378467559814,0.9335551261901855,1.4462034702301025
50,5,IPv6,3,iot43,2.108447551727295,0.009937524795532227,2.118385076522827,0.7831010818481445,1.3253464698791504
50,5,IPv6,3,iot11,2.3714706897735596,0.010009527206420898,2.3814802169799805,1.108450174331665,1.2630205154418945
50,5,IPv6,3,iot25,2.2723355293273926,0.00525355339050293,2.2775890827178955,0.8397963047027588,1.4325392246246338
50,5,IPv6,3,iot30,2.408916473388672,0.012225151062011719,2.4211416244506836,1.0996551513671875,1.3092613220214844
50,5,IPv6,3,iot49,2.033782720565796,0.03953886032104492,2.073321580886841,0.6510975360870361,1.3826851844787598
50,5,IPv6,3,iot21,2.502680778503418,0.002815723419189453,2.5054965019226074,0.9689810276031494,1.5336997509002686
50,5,IPv6,3,iot40,2.532575845718384,0.012461662292480469,2.5450375080108643,0.8029916286468506,1.7295842170715332
50,5,IPv6,3,iot29,2.4481163024902344,0.01753544807434082,2.465651750564575,0.8861091136932373,1.562007188796997
50,5,IPv6,3,iot12,2.6545746326446533,0.014316797256469727,2.668891429901123,1.0680453777313232,1.58652925491333
50,5,IPv6,3,iot23,2.637646198272705,0.01082301139831543,2.6484692096710205,1.0320162773132324,1.6056299209594727
50,5,IPv6,3,iot5,2.6961965560913086,0.003495454788208008,2.6996920108795166,1.150101900100708,1.5460946559906006
50,5,IPv6,3,iot14,2.657046318054199,0.0033054351806640625,2.6603517532348633,1.0449326038360596,1.6121137142181396
50,5,IPv6,3,iot24,2.5688047409057617,0.0030481815338134766,2.571852922439575,0.9375011920928955,1.6313035488128662
50,5,IPv6,3,iot48,2.596259355545044,0.023258209228515625,2.6195175647735596,1.0298099517822266,1.5664494037628174
50,5,IPv6,3,iot41,2.2771968841552734,0.006852865219116211,2.2840497493743896,0.523869514465332,1.7533273696899414
50,5,IPv6,3,iot27,2.575188398361206,0.005156517028808594,2.5803449153900146,0.9146299362182617,1.6605584621429443
50,5,IPv6,3,iot38,2.414716958999634,0.010111570358276367,2.42482852935791,0.8391447067260742,1.5755722522735596
50,5,IPv6,3,iot39,2.4066433906555176,0.021747827529907227,2.428391218185425,0.7940633296966553,1.6125800609588623
50,5,IPv6,3,iot32,2.460526466369629,0.0026230812072753906,2.4631495475769043,0.8054826259613037,1.6550438404083252
50,5,IPv6,3,iot10,2.8819735050201416,0.010302066802978516,2.89227557182312,1.0263073444366455,1.855666160583496
50,5,IPv6,3,iot18,2.8183538913726807,0.004547595977783203,2.822901487350464,1.0332355499267578,1.7851183414459229
50,5,IPv6,3,iot36,2.554638624191284,0.007235050201416016,2.5618736743927,0.7450547218322754,1.8095839023590088
50,5,IPv6,3,iot35,2.6364288330078125,0.0073664188385009766,2.6437952518463135,0.7867324352264404,1.849696397781372
50,5,IPv6,3,iot16,2.7942538261413574,0.006458759307861328,2.8007125854492188,0.8972346782684326,1.8970191478729248
50,5,IPv6,3,iot19,2.8036398887634277,0.005352497100830078,2.808992385864258,0.9593784809112549,1.8442614078521729
50,5,IPv6,3,iot31,2.8373923301696777,0.009001731872558594,2.8463940620422363,0.8785805702209473,1.9588117599487305
50,5,IPv6,3,iot45,2.788984537124634,0.003458261489868164,2.792442798614502,0.9781346321105957,1.810849905014038
50,5,IPv6,3,iot1,2.9748804569244385,0.002066373825073242,2.9769468307495117,0.9373569488525391,2.0375235080718994
50,5,IPv6,4,iot9,2.0078184604644775,0.004868984222412109,2.0126874446868896,0.9638097286224365,1.044008731842041
50,5,IPv6,4,iot13,2.0423848628997803,0.005441427230834961,2.0478262901306152,1.0127182006835938,1.0296666622161865
50,5,IPv6,4,iot39,2.012226104736328,0.009518861770629883,2.021744966506958,0.8723454475402832,1.139880657196045
50,5,IPv6,4,iot21,2.1392982006073,0.012080907821655273,2.151379108428955,1.0767395496368408,1.062558650970459
50,5,IPv6,4,iot19,2.127253293991089,0.012846946716308594,2.1401002407073975,0.8793191909790039,1.247934103012085
50,5,IPv6,4,iot29,2.053226947784424,0.017734766006469727,2.0709617137908936,0.9460742473602295,1.1071527004241943
50,5,IPv6,4,iot43,1.8197393417358398,0.007508993148803711,1.8272483348846436,0.6609153747558594,1.1588239669799805
50,5,IPv6,4,iot1,2.2228031158447266,0.007745027542114258,2.230548143386841,1.1191463470458984,1.1036567687988281
50,5,IPv6,4,iot4,2.182715654373169,0.025045156478881836,2.207760810852051,0.9406120777130127,1.2421035766601562
50,5,IPv6,4,iot49,1.883305311203003,0.022148847579956055,1.905454158782959,0.9071621894836426,0.9761431217193604
50,5,IPv6,4,iot48,1.9131615161895752,0.00813436508178711,1.9212958812713623,0.8699252605438232,1.043236255645752
50,5,IPv6,4,iot6,2.2158772945404053,0.021700620651245117,2.2375779151916504,1.104867696762085,1.1110095977783203
50,5,IPv6,4,iot44,2.0912086963653564,0.048883914947509766,2.140092611312866,0.9388744831085205,1.152334213256836
50,5,IPv6,4,iot15,2.2986083030700684,0.03247404098510742,2.331082344055176,0.9390788078308105,1.3595294952392578
50,5,IPv6,4,iot41,1.8589272499084473,0.03445172309875488,1.8933789730072021,0.7288858890533447,1.1300413608551025
50,5,IPv6,4,iot22,2.258786916732788,0.023581981658935547,2.2823688983917236,0.9091653823852539,1.3496215343475342
50,5,IPv6,4,iot27,2.228301525115967,0.014852046966552734,2.2431535720825195,0.9059619903564453,1.3223395347595215
50,5,IPv6,4,iot5,2.3151283264160156,0.03466367721557617,2.349792003631592,0.9371521472930908,1.3779761791229248
50,5,IPv6,4,iot25,2.201206922531128,0.022258520126342773,2.2234654426574707,0.8384215831756592,1.3627853393554688
50,5,IPv6,4,iot12,2.3366329669952393,0.027582645416259766,2.364215612411499,1.0339937210083008,1.3026392459869385
50,5,IPv6,4,iot31,2.2100014686584473,0.01698470115661621,2.2269861698150635,1.055001974105835,1.1549994945526123
50,5,IPv6,4,iot24,2.219708204269409,0.032331228256225586,2.2520394325256348,0.8956019878387451,1.324106216430664
50,5,IPv6,4,iot28,2.3362181186676025,0.01246190071105957,2.348680019378662,1.0737085342407227,1.2625095844268799
50,5,IPv6,4,iot37,2.259629487991333,0.01507878303527832,2.2747082710266113,0.9383659362792969,1.3212635517120361
50,5,IPv6,4,iot11,2.4631009101867676,0.003077268600463867,2.4661781787872314,1.125676155090332,1.3374247550964355
50,5,IPv6,4,iot18,2.4645979404449463,0.009263277053833008,2.4738612174987793,1.0889291763305664,1.3756687641143799
50,5,IPv6,4,iot45,2.1303303241729736,0.004164218902587891,2.1344945430755615,0.7215368747711182,1.4087934494018555
50,5,IPv6,4,iot3,2.5427305698394775,0.006836652755737305,2.549567222595215,1.0735487937927246,1.469181776046753
50,5,IPv6,4,iot35,2.2381234169006348,0.013052225112915039,2.25117564201355,0.6438860893249512,1.5942373275756836
50,5,IPv6,4,iot20,2.5371837615966797,0.00478672981262207,2.5419704914093018,1.1089832782745361,1.4282004833221436
50,5,IPv6,4,iot42,2.4028432369232178,0.0035276412963867188,2.4063708782196045,0.8832700252532959,1.5195732116699219
50,5,IPv6,4,iot40,2.382354974746704,0.017866134643554688,2.400221109390259,0.741124153137207,1.641230821609497
50,5,IPv6,4,iot16,2.662017345428467,0.0036630630493164062,2.665680408477783,0.9444296360015869,1.7175877094268799
50,5,IPv6,4,iot46,2.4468939304351807,0.002496480941772461,2.449390411376953,0.9003200531005859,1.5465738773345947
50,5,IPv6,4,iot2,2.777933359146118,0.0037925243377685547,2.7817258834838867,0.9833071231842041,1.794626235961914
50,5,IPv6,4,iot23,2.676241397857666,0.0068585872650146484,2.6830999851226807,1.0202386379241943,1.6560027599334717
50,5,IPv6,4,iot33,2.4745163917541504,0.026996612548828125,2.5015130043029785,0.8900315761566162,1.5844848155975342
50,5,IPv6,4,iot8,2.806368112564087,0.020299196243286133,2.826667308807373,1.1332104206085205,1.6731576919555664
50,5,IPv6,4,iot7,2.82585072517395,0.008774042129516602,2.834624767303467,1.1794698238372803,1.64638090133667
50,5,IPv6,4,iot38,2.6290292739868164,0.008265256881713867,2.6372945308685303,0.8037312030792236,1.8252980709075928
50,5,IPv6,4,iot10,2.8008553981781006,0.007385730743408203,2.808241128921509,1.066570520401001,1.7342848777770996
50,5,IPv6,4,iot14,2.7648351192474365,0.00451970100402832,2.769354820251465,0.9479238986968994,1.816911220550537
50,5,IPv6,4,iot47,2.6170291900634766,0.0049932003021240234,2.6220223903656006,0.9167540073394775,1.700275182723999
50,5,IPv6,4,iot32,2.745720863342285,0.008227348327636719,2.753948211669922,1.021432638168335,1.7242882251739502
50,5,IPv6,4,iot30,2.7942683696746826,0.00748443603515625,2.801752805709839,1.0676579475402832,1.7266104221343994
50,5,IPv6,4,iot50,2.6371517181396484,0.005572795867919922,2.6427245140075684,0.8970241546630859,1.7401275634765625
50,5,IPv6,4,iot34,2.7197446823120117,0.00513458251953125,2.724879264831543,0.8684408664703369,1.8513038158416748
50,5,IPv6,4,iot17,2.9235568046569824,0.007626771926879883,2.9311835765838623,1.135098934173584,1.7884578704833984
50,5,IPv6,4,iot36,2.6648409366607666,0.003384113311767578,2.668225049972534,0.8404402732849121,1.8244006633758545
50,5,IPv6,4,iot26,2.8484737873077393,0.002210378646850586,2.85068416595459,0.9790170192718506,1.8694567680358887
50,5,IPv6,5,iot14,1.9927990436553955,0.017991304397583008,2.0107903480529785,1.4238543510437012,0.5689446926116943
50,5,IPv6,5,iot5,2.042888641357422,0.021512508392333984,2.064401149749756,1.2723424434661865,0.7705461978912354
50,5,IPv6,5,iot15,2.026681423187256,0.020724058151245117,2.047405481338501,1.000239372253418,1.026442050933838
50,5,IPv6,5,iot33,2.0553627014160156,0.0024514198303222656,2.057814121246338,0.9347589015960693,1.1206037998199463
50,5,IPv6,5,iot27,1.9956016540527344,0.01605534553527832,2.0116569995880127,0.8611979484558105,1.1344037055969238
50,5,IPv6,5,iot43,2.064204692840576,0.021015167236328125,2.0852198600769043,1.2232577800750732,0.8409469127655029
50,5,IPv6,5,iot18,2.1464240550994873,0.02886962890625,2.1752936840057373,0.962174654006958,1.1842494010925293
50,5,IPv6,5,iot45,1.9126434326171875,0.04449629783630371,1.9571397304534912,0.7016990184783936,1.210944414138794
50,5,IPv6,5,iot36,2.0342650413513184,0.03670907020568848,2.070974111557007,0.9323053359985352,1.1019597053527832
50,5,IPv6,5,iot44,1.930236577987671,0.008711814880371094,1.938948392868042,0.6759340763092041,1.2543025016784668
50,5,IPv6,5,iot30,2.183342218399048,0.012709856033325195,2.196052074432373,1.3012092113494873,0.8821330070495605
50,5,IPv6,5,iot10,2.2511909008026123,0.014260530471801758,2.265451431274414,1.0620932579040527,1.1890976428985596
50,5,IPv6,5,iot39,1.9889533519744873,0.003925323486328125,1.9928786754608154,0.7538137435913086,1.2351396083831787
50,5,IPv6,5,iot21,2.256316900253296,0.007536172866821289,2.263853073120117,0.979212760925293,1.277104139328003
50,5,IPv6,5,iot13,2.306154727935791,0.0074503421783447266,2.3136050701141357,0.9539284706115723,1.3522262573242188
50,5,IPv6,5,iot3,2.3789026737213135,0.03674125671386719,2.4156439304351807,0.9465181827545166,1.4323844909667969
50,5,IPv6,5,iot1,2.4201831817626953,0.013042449951171875,2.433225631713867,1.455575942993164,0.9646072387695312
50,5,IPv6,5,iot38,2.1286580562591553,0.00988459587097168,2.138542652130127,0.7585246562957764,1.370133399963379
50,5,IPv6,5,iot24,2.2958948612213135,0.006869792938232422,2.302764654159546,1.3857903480529785,0.910104513168335
50,5,IPv6,5,iot35,2.081718683242798,0.024837493896484375,2.1065561771392822,0.6267175674438477,1.4550011157989502
50,5,IPv6,5,iot8,2.3971469402313232,0.015059947967529297,2.4122068881988525,0.9721493721008301,1.4249975681304932
50,5,IPv6,5,iot42,2.129364490509033,0.01187276840209961,2.141237258911133,0.9423215389251709,1.1870429515838623
50,5,IPv6,5,iot9,2.401775598526001,0.009276151657104492,2.4110517501831055,0.9388365745544434,1.4629390239715576
50,5,IPv6,5,iot16,2.435290575027466,0.05348563194274902,2.488776206970215,0.9080040454864502,1.5272865295410156
50,5,IPv6,5,iot47,1.6618750095367432,0.04205060005187988,1.703925609588623,0.2363121509552002,1.425562858581543
50,5,IPv6,5,iot40,1.9813005924224854,0.03139781951904297,2.0126984119415283,0.3934316635131836,1.5878689289093018
50,5,IPv6,5,iot4,2.5425240993499756,0.009162425994873047,2.5516865253448486,0.9887967109680176,1.553727388381958
50,5,IPv6,5,iot50,2.3676512241363525,0.023902416229248047,2.3915536403656006,0.8456904888153076,1.521960735321045
50,5,IPv6,5,iot26,2.3883631229400635,0.01033329963684082,2.3986964225769043,0.800257682800293,1.5881054401397705
50,5,IPv6,5,iot32,2.459249258041382,0.0062139034271240234,2.465463161468506,1.095839262008667,1.3634099960327148
50,5,IPv6,5,iot29,2.4451069831848145,0.04419302940368652,2.489300012588501,0.8176732063293457,1.6274337768554688
50,5,IPv6,5,iot20,2.5525639057159424,0.024159669876098633,2.576723575592041,1.4877641201019287,1.0647997856140137
50,5,IPv6,5,iot34,2.6043951511383057,0.014190912246704102,2.6185860633850098,0.9926414489746094,1.6117537021636963
50,5,IPv6,5,iot2,2.7258944511413574,0.007692813873291016,2.7335872650146484,1.0609190464019775,1.6649754047393799
50,5,IPv6,5,iot46,2.375131368637085,0.010782718658447266,2.3859140872955322,0.945061206817627,1.430070161819458
50,5,IPv6,5,iot31,2.537163019180298,0.012943029403686523,2.5501060485839844,0.8350117206573486,1.7021512985229492
50,5,IPv6,5,iot41,2.58620023727417,0.01813960075378418,2.604339838027954,1.4116709232330322,1.1745293140411377
50,5,IPv6,5,iot7,2.689880847930908,0.015782594680786133,2.7056634426116943,0.9835920333862305,1.7062888145446777
50,5,IPv6,5,iot6,2.706437110900879,0.009626388549804688,2.7160634994506836,0.9941823482513428,1.7122547626495361
50,5,IPv6,5,iot49,2.2561466693878174,0.012670516967773438,2.268817186355591,0.48204565048217773,1.7741010189056396
50,5,IPv6,5,iot17,2.758820056915283,0.002505779266357422,2.7613258361816406,0.9819157123565674,1.7769043445587158
50,5,IPv6,5,iot28,2.6993067264556885,0.0022344589233398438,2.7015411853790283,0.939497709274292,1.7598090171813965
50,5,IPv6,5,iot11,2.7453668117523193,0.009629011154174805,2.754995822906494,0.9466559886932373,1.798710823059082
50,5,IPv6,5,iot37,2.568100690841675,0.0035376548767089844,2.571638345718384,0.7237589359283447,1.84434175491333
50,5,IPv6,5,iot25,2.601545572280884,0.0038306713104248047,2.6053762435913086,0.822432279586792,1.7791132926940918
50,5,IPv6,5,iot12,2.8387022018432617,0.002313375473022461,2.841015577316284,1.282862663269043,1.5558395385742188
50,5,IPv6,5,iot22,2.687981367111206,0.0022783279418945312,2.6902596950531006,0.8546082973480225,1.8333730697631836
50,5,IPv6,5,iot48,2.353797674179077,0.002729177474975586,2.3565268516540527,0.5084717273712158,1.8453259468078613
50,5,IPv6,5,iot19,2.88924241065979,0.0022923946380615234,2.8915348052978516,0.9299585819244385,1.9592838287353516
50,5,IPv6,5,iot23,2.8240067958831787,0.002302408218383789,2.8263092041015625,1.245640516281128,1.5783662796020508
100,5,IPv4,1,iot2,1.7909824848175049,0.015637874603271484,1.8066203594207764,,
100,5,IPv4,1,iot3,1.844132423400879,0.003245115280151367,1.8473775386810303,,
100,5,IPv4,1,iot4,1.8459563255310059,0.00402379035949707,1.849980115890503,,
100,5,IPv4,1,iot6,1.9004571437835693,0.005633831024169922,1.9060909748077393,,
100,5,IPv4,1,iot77,1.6652488708496094,0.0038912296295166016,1.669140100479126,,
100,5,IPv4,1,iot68,1.7462005615234375,0.0028939247131347656,1.7490944862365723,,
100,5,IPv4,1,iot74,1.888209581375122,0.011295080184936523,1.8995046615600586,,
100,5,IPv4,1,iot97,1.7854986190795898,0.023790836334228516,1.8092894554138184,,
100,5,IPv4,1,iot8,2.1298999786376953,0.01678919792175293,2.1466891765594482,,
100,5,IPv4,1,iot11,2.142211675643921,0.0063436031341552734,2.148555278778076,,
100,5,IPv4,1,iot79,1.9536240100860596,0.011574506759643555,1.9651985168457031,,
100,5,IPv4,1,iot7,2.2417898178100586,0.01306772232055664,2.2548575401306152,,
100,5,IPv4,1,iot10,2.2196030616760254,0.012541770935058594,2.232144832611084,,
100,5,IPv4,1,iot16,2.194812059402466,0.009772062301635742,2.2045841217041016,,
100,5,IPv4,1,iot71,2.034837245941162,0.022429466247558594,2.0572667121887207,,
100,5,IPv4,1,iot12,2.246914863586426,0.011298179626464844,2.2582130432128906,,
100,5,IPv4,1,iot76,2.049842119216919,0.014387845993041992,2.064229965209961,,
100,5,IPv4,1,iot20,2.163194417953491,0.021683216094970703,2.184877634048462,,
100,5,IPv4,1,iot34,2.2755069732666016,0.006925106048583984,2.2824320793151855,,
100,5,IPv4,1,iot13,2.318230152130127,0.014898300170898438,2.3331284523010254,,
100,5,IPv4,1,iot42,2.3328371047973633,0.028601646423339844,2.361438751220703,,
100,5,IPv4,1,iot27,2.5041322708129883,0.03897857666015625,2.5431108474731445,,
100,5,IPv4,1,iot78,2.3393919467926025,0.0408933162689209,2.3802852630615234,,
100,5,IPv4,1,iot24,2.4053525924682617,0.057326316833496094,2.462678909301758,,
100,5,IPv4,1,iot47,2.1051008701324463,0.031058073043823242,2.1361589431762695,,
100,5,IPv4,1,iot33,2.3692898750305176,0.07456254959106445,2.443852424621582,,
100,5,IPv4,1,iot86,2.516982316970825,0.07016706466674805,2.5871493816375732,,
100,5,IPv4,1,iot1,3.161763906478882,0.07176756858825684,3.2335314750671387,,
100,5,IPv4,1,iot69,2.2821240425109863,0.026168346405029297,2.3082923889160156,,
100,5,IPv4,1,iot72,3.001523494720459,0.08229756355285645,3.0838210582733154,,
100,5,IPv4,1,iot46,3.124138116836548,0.04298901557922363,3.1671271324157715,,
100,5,IPv4,1,iot85,3.0016441345214844,0.049214839935302734,3.050858974456787,,
100,5,IPv4,1,iot22,3.038511037826538,0.09213495254516602,3.130645990371704,,
100,5,IPv4,1,iot25,2.9975533485412598,0.04950141906738281,3.0470547676086426,,
100,5,IPv4,1,iot80,3.083568572998047,0.040256500244140625,3.1238250732421875,,
100,5,IPv4,1,iot99,2.9468395709991455,0.06996965408325195,3.0168092250823975,,
100,5,IPv4,1,iot36,3.2551827430725098,0.06795167922973633,3.323134422302246,,
100,5,IPv4,1,iot94,3.071906328201294,0.05098772048950195,3.122894048690796,,
100,5,IPv4,1,iot54,2.831965684890747,0.05238842964172363,2.8843541145324707,,
100,5,IPv4,1,iot31,3.374190330505371,0.04606056213378906,3.42025089263916,,
100,5,IPv4,1,iot88,3.1583058834075928,0.04984331130981445,3.2081491947174072,,
100,5,IPv4,1,iot83,3.1590096950531006,0.06269168853759766,3.2217013835906982,,
100,5,IPv4,1,iot17,3.2163541316986084,0.04889273643493652,3.265246868133545,,
100,5,IPv4,1,iot14,3.2311670780181885,0.056584835052490234,3.2877519130706787,,
100,5,IPv4,1,iot23,3.176729917526245,0.055596351623535156,3.2323262691497803,,
100,5,IPv4,1,iot67,3.3438820838928223,0.028110027313232422,3.3719921112060547,,
100,5,IPv4,1,iot59,2.541454315185547,0.0311276912689209,2.5725820064544678,,
100,5,IPv4,1,iot60,2.531693458557129,0.02808523178100586,2.5597786903381348,,
100,5,IPv4,1,iot70,3.3104069232940674,0.06917953491210938,3.3795864582061768,,
100,5,IPv4,1,iot26,3.2559683322906494,0.06395339965820312,3.3199217319488525,,
100,5,IPv4,1,iot50,2.7550549507141113,0.0711367130279541,2.8261916637420654,,
100,5,IPv4,1,iot35,3.349153995513916,0.069000244140625,3.418154239654541,,
100,5,IPv4,1,iot89,3.4813199043273926,0.022125959396362305,3.503445863723755,,
100,5,IPv4,1,iot32,3.357208013534546,0.04385185241699219,3.401059865951538,,
100,5,IPv4,1,iot45,3.6127500534057617,0.031330108642578125,3.64408016204834,,
100,5,IPv4,1,iot96,3.371965169906616,0.08510136604309082,3.457066535949707,,
100,5,IPv4,1,iot61,3.0214874744415283,0.02829575538635254,3.049783229827881,,
100,5,IPv4,1,iot9,3.7171270847320557,0.030076265335083008,3.7472033500671387,,
100,5,IPv4,1,iot38,3.317908763885498,0.06181597709655762,3.3797247409820557,,
100,5,IPv4,1,iot44,3.61129093170166,0.07315611839294434,3.6844470500946045,,
100,5,IPv4,1,iot49,3.169140338897705,0.05601167678833008,3.225152015686035,,
100,5,IPv4,1,iot92,3.4526288509368896,0.14299416542053223,3.595623016357422,,
100,5,IPv4,1,iot73,3.5905842781066895,0.0686488151550293,3.6592330932617188,,
100,5,IPv4,1,iot63,2.7316012382507324,0.04862022399902344,2.780221462249756,,
100,5,IPv4,1,iot55,3.1949100494384766,0.033545494079589844,3.2284555435180664,,
100,5,IPv4,1,iot65,3.6385982036590576,0.06085324287414551,3.699451446533203,,
100,5,IPv4,1,iot41,3.5244851112365723,0.02991771697998047,3.5544028282165527,,
100,5,IPv4,1,iot39,3.7496588230133057,0.059772491455078125,3.809431314468384,,
100,5,IPv4,1,iot19,3.7655932903289795,0.02756786346435547,3.793161153793335,,
100,5,IPv4,1,iot30,3.815603733062744,0.06992650032043457,3.8855302333831787,,
100,5,IPv4,1,iot37,3.4059038162231445,0.046999216079711914,3.4529030323028564,,
100,5,IPv4,1,iot66,2.9797747135162354,0.04302215576171875,3.022796869277954,,
100,5,IPv4,1,iot91,3.649456739425659,0.041791677474975586,3.6912484169006348,,
100,5,IPv4,1,iot84,3.6375911235809326,0.049567222595214844,3.6871583461761475,,
100,5,IPv4,1,iot43,3.393216848373413,0.039081573486328125,3.432298421859741,,
100,5,IPv4,1,iot40,3.5347635746002197,0.041739702224731445,3.576503276824951,,
100,5,IPv4,1,iot98,3.5396478176116943,0.05079174041748047,3.590439558029175,,
100,5,IPv4,1,iot100,3.6256744861602783,0.026444673538208008,3.6521191596984863,,
100,5,IPv4,1,iot48,3.283174514770508,0.032402992248535156,3.315577507019043,,
100,5,IPv4,1,iot64,3.7842800617218018,0.05442166328430176,3.8387017250061035,,
100,5,IPv4,1,iot62,3.823913097381592,0.019617080688476562,3.8435301780700684,,
100,5,IPv4,1,iot57,3.430027723312378,0.03806328773498535,3.4680910110473633,,
100,5,IPv4,1,iot15,3.7993717193603516,0.028475046157836914,3.8278467655181885,,
100,5,IPv4,1,iot82,2.968942642211914,0.015929460525512695,2.9848721027374268,,
100,5,IPv4,1,iot56,2.9748706817626953,0.016750335693359375,2.9916210174560547,,
100,5,IPv4,1,iot90,3.772789716720581,0.012075424194335938,3.784865140914917,,
100,5,IPv4,1,iot28,3.736403703689575,0.02389669418334961,3.760300397872925,,
100,5,IPv4,1,iot52,3.1894946098327637,0.023573875427246094,3.2130684852600098,,
100,5,IPv4,1,iot81,3.78098726272583,0.02166581153869629,3.8026530742645264,,
100,5,IPv4,1,iot93,3.71334171295166,0.018689870834350586,3.7320315837860107,,
100,5,IPv4,1,iot75,3.803443193435669,0.01585865020751953,3.8193018436431885,,
100,5,IPv4,1,iot51,3.3574934005737305,0.017198801040649414,3.37469220161438,,
100,5,IPv4,1,iot87,3.8293423652648926,0.005235195159912109,3.8345775604248047,,
100,5,IPv4,1,iot53,3.5213403701782227,0.004459381103515625,3.5257997512817383,,
100,5,IPv4,1,iot95,3.7664668560028076,0.0069582462310791016,3.7734251022338867,,
100,5,IPv4,1,iot5,4.0886383056640625,0.015244007110595703,4.103882312774658,,
100,5,IPv4,1,iot21,3.9642105102539062,0.008243560791015625,3.972454071044922,,
100,5,IPv4,1,iot58,3.2874834537506104,0.004795551300048828,3.292279005050659,,
100,5,IPv4,1,iot29,3.8377089500427246,0.006991147994995117,3.8447000980377197,,
100,5,IPv4,1,iot18,3.9628353118896484,0.008961200714111328,3.9717965126037598,,
100,5,IPv4,2,iot4,2.0040740966796875,0.0180661678314209,2.0221402645111084,,
100,5,IPv4,2,iot9,2.0091681480407715,0.015477180480957031,2.0246453285217285,,
100,5,IPv4,2,iot10,2.011664867401123,0.03125357627868652,2.0429184436798096,,
100,5,IPv4,2,iot3,2.021872043609619,0.03669428825378418,2.0585663318634033,,
100,5,IPv4,2,iot18,2.0179667472839355,0.011710643768310547,2.029677391052246,,
100,5,IPv4,2,iot11,2.0240421295166016,0.0464472770690918,2.0704894065856934,,
100,5,IPv4,2,iot24,1.9749879837036133,0.03632712364196777,2.011315107345581,,
100,5,IPv4,2,iot5,2.093900680541992,0.049570560455322266,2.1434712409973145,,
100,5,IPv4,2,iot6,2.1134166717529297,0.03693103790283203,2.1503477096557617,,
100,5,IPv4,2,iot25,1.8315997123718262,0.016993284225463867,1.84859299659729,,
100,5,IPv4,2,iot8,2.124386787414551,0.03276562690734863,2.1571524143218994,,
100,5,IPv4,2,iot95,1.9534125328063965,0.021742582321166992,1.9751551151275635,,
100,5,IPv4,2,iot51,2.0550475120544434,0.038485050201416016,2.0935325622558594,,
100,5,IPv4,2,iot62,1.6638729572296143,0.03888845443725586,1.7027614116668701,,
100,5,IPv4,2,iot84,1.9543375968933105,0.0380551815032959,1.9923927783966064,,
100,5,IPv4,2,iot35,2.0429489612579346,0.034598588943481445,2.077547550201416,,
100,5,IPv4,2,iot22,2.2860476970672607,0.0803976058959961,2.366445302963257,,
100,5,IPv4,2,iot31,2.279280185699463,0.06328272819519043,2.3425629138946533,,
100,5,IPv4,2,iot50,2.0584633350372314,0.08246707916259766,2.140930414199829,,
100,5,IPv4,2,iot71,2.4677226543426514,0.062170982360839844,2.529893636703491,,
100,5,IPv4,2,iot72,1.9633727073669434,0.06588339805603027,2.0292561054229736,,
100,5,IPv4,2,iot79,2.418449878692627,0.04668092727661133,2.4651308059692383,,
100,5,IPv4,2,iot2,2.7882940769195557,0.05087900161743164,2.8391730785369873,,
100,5,IPv4,2,iot7,2.740480899810791,0.10428214073181152,2.8447630405426025,,
100,5,IPv4,2,iot15,2.7193286418914795,0.08523130416870117,2.8045599460601807,,
100,5,IPv4,2,iot85,2.5984485149383545,0.10059309005737305,2.6990416049957275,,
100,5,IPv4,2,iot26,2.82600736618042,0.0863027572631836,2.9123101234436035,,
100,5,IPv4,2,iot14,2.963538408279419,0.045873165130615234,3.009411573410034,,
100,5,IPv4,2,iot89,2.519671678543091,0.05786442756652832,2.577536106109619,,
100,5,IPv4,2,iot76,2.749147415161133,0.08032870292663574,2.8294761180877686,,
100,5,IPv4,2,iot46,2.910618782043457,0.07379984855651855,2.9844186305999756,,
100,5,IPv4,2,iot1,3.0908288955688477,0.04575347900390625,3.136582374572754,,
100,5,IPv4,2,iot97,2.851778745651245,0.05277729034423828,2.9045560359954834,,
100,5,IPv4,2,iot75,2.9014458656311035,0.04168987274169922,2.9431357383728027,,
100,5,IPv4,2,iot28,2.7105937004089355,0.0708465576171875,2.781440258026123,,
100,5,IPv4,2,iot96,2.306765079498291,0.0803992748260498,2.387164354324341,,
100,5,IPv4,2,iot45,2.762199878692627,0.06857872009277344,2.8307785987854004,,
100,5,IPv4,2,iot20,3.1829590797424316,0.05623650550842285,3.2391955852508545,,
100,5,IPv4,2,iot33,3.1827950477600098,0.05623888969421387,3.2390339374542236,,
100,5,IPv4,2,iot39,3.0245490074157715,0.03686189651489258,3.061410903930664,,
100,5,IPv4,2,iot92,2.272646903991699,0.03215956687927246,2.3048064708709717,,
100,5,IPv4,2,iot91,2.600642204284668,0.03038167953491211,2.63102388381958,,
100,5,IPv4,2,iot29,2.8831751346588135,0.06028580665588379,2.9434609413146973,,
100,5,IPv4,2,iot73,3.1123147010803223,0.04411888122558594,3.156433582305908,,
100,5,IPv4,2,iot41,3.290656805038452,0.0374608039855957,3.328117609024048,,
100,5,IPv4,2,iot47,3.1021013259887695,0.04016470909118652,3.142266035079956,,
100,5,IPv4,2,iot56,2.8240203857421875,0.05567502975463867,2.879695415496826,,
100,5,IPv4,2,iot44,3.298901081085205,0.029401540756225586,3.3283026218414307,,
100,5,IPv4,2,iot55,2.8223626613616943,0.05932140350341797,2.8816840648651123,,
100,5,IPv4,2,iot42,3.2176530361175537,0.04743337631225586,3.2650864124298096,,
100,5,IPv4,2,iot69,2.982534646987915,0.04646611213684082,3.029000759124756,,
100,5,IPv4,2,iot54,3.007608652114868,0.040619611740112305,3.0482282638549805,,
100,5,IPv4,2,iot37,3.3030169010162354,0.05914950370788574,3.362166404724121,,
100,5,IPv4,2,iot65,2.962588310241699,0.04193305969238281,3.004521369934082,,
100,5,IPv4,2,iot17,3.436847686767578,0.05229687690734863,3.4891445636749268,,
100,5,IPv4,2,iot53,3.38883638381958,0.04844522476196289,3.437281608581543,,
100,5,IPv4,2,iot60,2.8643505573272705,0.06498503684997559,2.929335594177246,,
100,5,IPv4,2,iot81,2.7904090881347656,0.05944323539733887,2.8498523235321045,,
100,5,IPv4,2,iot27,3.369732141494751,0.04805254936218262,3.4177846908569336,,
100,5,IPv4,2,iot74,3.1978137493133545,0.05264544486999512,3.2504591941833496,,
100,5,IPv4,2,iot12,3.5708577632904053,0.04295015335083008,3.6138079166412354,,
100,5,IPv4,2,iot80,3.215705394744873,0.05288815498352051,3.2685935497283936,,
100,5,IPv4,2,iot94,3.352687358856201,0.04839324951171875,3.40108060836792,,
100,5,IPv4,2,iot58,3.4683451652526855,0.05594038963317871,3.5242855548858643,,
100,5,IPv4,2,iot49,3.154053211212158,0.05416607856750488,3.208219289779663,,
100,5,IPv4,2,iot61,3.486955165863037,0.03132987022399902,3.518285036087036,,
100,5,IPv4,2,iot57,3.5176827907562256,0.052815914154052734,3.5704987049102783,,
100,5,IPv4,2,iot23,3.621201992034912,0.0500340461730957,3.671236038208008,,
100,5,IPv4,2,iot21,3.5609471797943115,0.043354034423828125,3.6043012142181396,,
100,5,IPv4,2,iot66,2.811490058898926,0.061094045639038086,2.872584104537964,,
100,5,IPv4,2,iot34,3.4429168701171875,0.044155120849609375,3.487071990966797,,
100,5,IPv4,2,iot87,2.1370608806610107,0.06242179870605469,2.1994826793670654,,
100,5,IPv4,2,iot86,3.2937073707580566,0.05480337142944336,3.3485107421875,,
100,5,IPv4,2,iot67,2.9339630603790283,0.04612398147583008,2.9800870418548584,,
100,5,IPv4,2,iot48,3.4019112586975098,0.05476212501525879,3.4566733837127686,,
100,5,IPv4,2,iot78,3.5906636714935303,0.04052400588989258,3.631187677383423,,
100,5,IPv4,2,iot68,3.482513189315796,0.04494905471801758,3.5274622440338135,,
100,5,IPv4,2,iot100,3.5788981914520264,0.028592348098754883,3.6074905395507812,,
100,5,IPv4,2,iot59,3.1604974269866943,0.03898310661315918,3.1994805335998535,,
100,5,IPv4,2,iot63,3.283686399459839,0.03597688674926758,3.3196632862091064,,
100,5,IPv4,2,iot32,3.6140670776367188,0.039374589920043945,3.6534416675567627,,
100,5,IPv4,2,iot38,3.675230026245117,0.031209707260131836,3.706439733505249,,
100,5,IPv4,2,iot83,2.87956166267395,0.0298919677734375,2.9094536304473877,,
100,5,IPv4,2,iot99,3.0031659603118896,0.026521921157836914,3.0296878814697266,,
100,5,IPv4,2,iot52,3.446828842163086,0.024141788482666016,3.470970630645752,,
100,5,IPv4,2,iot82,3.539492130279541,0.025446653366088867,3.56493878364563,,
100,5,IPv4,2,iot70,3.164034128189087,0.016057968139648438,3.1800920963287354,,
100,5,IPv4,2,iot30,3.7291603088378906,0.026089191436767578,3.755249500274658,,
100,5,IPv4,2,iot43,3.606452703475952,0.02134847640991211,3.6278011798858643,,
100,5,IPv4,2,iot98,3.067603588104248,0.01874232292175293,3.086345911026001,,
100,5,IPv4,2,iot90,3.1799395084381104,0.018130779266357422,3.1980702877044678,,
100,5,IPv4,2,iot64,3.3640623092651367,0.006212472915649414,3.370274782180786,,
100,5,IPv4,2,iot93,3.116438865661621,0.003594636917114258,3.1200335025787354,,
100,5,IPv4,2,iot16,3.914785146713257,0.003920316696166992,3.918705463409424,,
100,5,IPv4,2,iot88,2.3633346557617188,0.013952016830444336,2.377286672592163,,
100,5,IPv4,2,iot40,3.5144340991973877,0.012685060501098633,3.5271191596984863,,
100,5,IPv4,2,iot36,3.771716356277466,0.006638288497924805,3.7783546447753906,,
100,5,IPv4,2,iot19,3.8514821529388428,0.006670236587524414,3.858152389526367,,
100,5,IPv4,2,iot13,3.9401543140411377,0.005373716354370117,3.945528030395508,,
100,5,IPv4,2,iot77,3.6618247032165527,0.002077817916870117,3.663902521133423,,
100,5,IPv4,3,iot3,1.9222831726074219,0.05478215217590332,1.9770653247833252,,
100,5,IPv4,3,iot8,2.0220868587493896,0.043775081634521484,2.065861940383911,,
100,5,IPv4,3,iot5,2.045642852783203,0.029009103775024414,2.0746519565582275,,
100,5,IPv4,3,iot30,1.9997947216033936,0.02882981300354004,2.0286245346069336,,
100,5,IPv4,3,iot29,2.034996509552002,0.015285968780517578,2.0502824783325195,,
100,5,IPv4,3,iot2,2.149862766265869,0.056731224060058594,2.2065939903259277,,
100,5,IPv4,3,iot44,1.6918764114379883,0.05330014228820801,1.7451765537261963,,
100,5,IPv4,3,iot7,2.2139816284179688,0.034014225006103516,2.2479958534240723,,
100,5,IPv4,3,iot13,2.161306619644165,0.051918983459472656,2.2132256031036377,,
100,5,IPv4,3,iot18,2.1785221099853516,0.05188298225402832,2.23040509223938,,
100,5,IPv4,3,iot24,2.1597964763641357,0.05781912803649902,2.2176156044006348,,
100,5,IPv4,3,iot27,2.2269928455352783,0.015878677368164062,2.2428715229034424,,
100,5,IPv4,3,iot10,2.4023821353912354,0.03516721725463867,2.437549352645874,,
100,5,IPv4,3,iot21,2.2969043254852295,0.0664818286895752,2.3633861541748047,,
100,5,IPv4,3,iot4,2.424109697341919,0.059003591537475586,2.4831132888793945,,
100,5,IPv4,3,iot6,2.4184865951538086,0.07676315307617188,2.4952497482299805,,
100,5,IPv4,3,iot23,2.364924430847168,0.03509402275085449,2.4000184535980225,,
100,5,IPv4,3,iot20,2.3981592655181885,0.05283689498901367,2.450996160507202,,
100,5,IPv4,3,iot22,2.416689872741699,0.045502424240112305,2.4621922969818115,,
100,5,IPv4,3,iot37,2.446298599243164,0.05309867858886719,2.4993972778320312,,
100,5,IPv4,3,iot28,2.5007829666137695,0.06120753288269043,2.56199049949646,,
100,5,IPv4,3,iot59,1.987431287765503,0.06813478469848633,2.0555660724639893,,
100,5,IPv4,3,iot39,2.466376543045044,0.0709688663482666,2.5373454093933105,,
100,5,IPv4,3,iot36,2.4790005683898926,0.05803394317626953,2.537034511566162,,
100,5,IPv4,3,iot93,2.2610135078430176,0.0909721851348877,2.3519856929779053,,
100,5,IPv4,3,iot34,2.4423887729644775,0.12416863441467285,2.5665574073791504,,
100,5,IPv4,3,iot46,2.21648907661438,0.05562329292297363,2.2721123695373535,,
100,5,IPv4,3,iot61,2.459592580795288,0.07149553298950195,2.53108811378479,,
100,5,IPv4,3,iot32,2.591813325881958,0.07037997245788574,2.6621932983398438,,
100,5,IPv4,3,iot52,2.293386936187744,0.07062172889709473,2.364008665084839,,
100,5,IPv4,3,iot15,2.80047345161438,0.023076295852661133,2.823549747467041,,
100,5,IPv4,3,iot47,2.4496333599090576,0.10352849960327148,2.553161859512329,,
100,5,IPv4,3,iot42,2.3813679218292236,0.08493995666503906,2.4663078784942627,,
100,5,IPv4,3,iot60,2.2748053073883057,0.08141613006591797,2.3562214374542236,,
100,5,IPv4,3,iot51,2.451059341430664,0.09627079963684082,2.547330141067505,,
100,5,IPv4,3,iot17,2.959859609603882,0.042136192321777344,3.001995801925659,,
100,5,IPv4,3,iot12,3.020418167114258,0.04394793510437012,3.064366102218628,,
100,5,IPv4,3,iot40,3.1338517665863037,0.03310585021972656,3.1669576168060303,,
100,5,IPv4,3,iot73,2.631089210510254,0.04291129112243652,2.6740005016326904,,
100,5,IPv4,3,iot81,3.0254054069519043,0.031388044357299805,3.056793451309204,,
100,5,IPv4,3,iot77,3.0294806957244873,0.022360563278198242,3.0518412590026855,,
100,5,IPv4,3,iot53,3.12589168548584,0.04602479934692383,3.1719164848327637,,
100,5,IPv4,3,iot9,3.378412961959839,0.013133525848388672,3.3915464878082275,,
100,5,IPv4,3,iot50,2.8519723415374756,0.04108452796936035,2.893056869506836,,
100,5,IPv4,3,iot94,2.271703004837036,0.021442651748657227,2.2931456565856934,,
100,5,IPv4,3,iot55,2.8089747428894043,0.03118610382080078,2.840160846710205,,
100,5,IPv4,3,iot54,3.2023096084594727,0.04378557205200195,3.2460951805114746,,
100,5,IPv4,3,iot56,2.8083722591400146,0.02535724639892578,2.8337295055389404,,
100,5,IPv4,3,iot43,2.9494361877441406,0.034819602966308594,2.984255790710449,,
100,5,IPv4,3,iot49,3.0228636264801025,0.021639347076416016,3.0445029735565186,,
100,5,IPv4,3,iot63,2.9054267406463623,0.03184390068054199,2.9372706413269043,,
100,5,IPv4,3,iot76,2.660555362701416,0.023331403732299805,2.683886766433716,,
100,5,IPv4,3,iot58,2.9641382694244385,0.024637937545776367,2.988776206970215,,
100,5,IPv4,3,iot31,3.3268067836761475,0.058826446533203125,3.3856332302093506,,
100,5,IPv4,3,iot82,2.5217299461364746,0.023940563201904297,2.545670509338379,,
100,5,IPv4,3,iot33,3.369680404663086,0.03592872619628906,3.405609130859375,,
100,5,IPv4,3,iot72,2.8709850311279297,0.028185129165649414,2.899170160293579,,
100,5,IPv4,3,iot41,3.0808801651000977,0.06290364265441895,3.1437838077545166,,
100,5,IPv4,3,iot100,2.352951765060425,0.06486821174621582,2.4178199768066406,,
100,5,IPv4,3,iot74,2.8767857551574707,0.03922080993652344,2.916006565093994,,
100,5,IPv4,3,iot48,3.137216806411743,0.061037302017211914,3.198254108428955,,
100,5,IPv4,3,iot25,3.4747989177703857,0.03600740432739258,3.5108063220977783,,
100,5,IPv4,3,iot38,3.4208779335021973,0.0402979850769043,3.4611759185791016,,
100,5,IPv4,3,iot1,3.611738443374634,0.03426527976989746,3.6460037231445312,,
100,5,IPv4,3,iot79,2.713987112045288,0.03635096549987793,2.750338077545166,,
100,5,IPv4,3,iot75,2.8622450828552246,0.05803370475769043,2.920278787612915,,
100,5,IPv4,3,iot80,2.6971895694732666,0.05322861671447754,2.750418186187744,,
100,5,IPv4,3,iot26,3.5288970470428467,0.05352377891540527,3.582420825958252,,
100,5,IPv4,3,iot65,2.8334810733795166,0.047801971435546875,2.8812830448150635,,
100,5,IPv4,3,iot70,2.7754974365234375,0.05504870414733887,2.8305461406707764,,
100,5,IPv4,3,iot99,2.4862678050994873,0.02890777587890625,2.5151755809783936,,
100,5,IPv4,3,iot68,3.025247573852539,0.03885817527770996,3.064105749130249,,
100,5,IPv4,3,iot86,2.6735854148864746,0.03999447822570801,2.7135798931121826,,
100,5,IPv4,3,iot83,2.7050836086273193,0.0498204231262207,2.75490403175354,,
100,5,IPv4,3,iot78,2.8100168704986572,0.03039860725402832,2.8404154777526855,,
100,5,IPv4,3,iot45,3.3057000637054443,0.05084371566772461,3.356543779373169,,
100,5,IPv4,3,iot96,2.6294639110565186,0.022710561752319336,2.652174472808838,,
100,5,IPv4,3,iot11,3.7146077156066895,0.025600433349609375,3.740208148956299,,
100,5,IPv4,3,iot35,3.6639513969421387,0.01953291893005371,3.6834843158721924,,
100,5,IPv4,3,iot66,3.0347607135772705,0.01623988151550293,3.0510005950927734,,
100,5,IPv4,3,iot89,2.857511043548584,0.04018235206604004,2.897693395614624,,
100,5,IPv4,3,iot67,3.0592124462127686,0.027692794799804688,3.0869052410125732,,
100,5,IPv4,3,iot69,2.958989143371582,0.01728224754333496,2.976271390914917,,
100,5,IPv4,3,iot84,2.9011316299438477,0.009289264678955078,2.9104208946228027,,
100,5,IPv4,3,iot57,3.10129451751709,0.00967550277709961,3.1109700202941895,,
100,5,IPv4,3,iot90,2.930318832397461,0.008701801300048828,2.9390206336975098,,
100,5,IPv4,3,iot87,2.7472352981567383,0.012589216232299805,2.759824514389038,,
100,5,IPv4,3,iot64,3.2668533325195312,0.029315471649169922,3.296168804168701,,
100,5,IPv4,3,iot62,3.1353907585144043,0.013181924819946289,3.1485726833343506,,
100,5,IPv4,3,iot71,3.153254747390747,0.02230215072631836,3.1755568981170654,,
100,5,IPv4,3,iot19,3.8017148971557617,0.027067184448242188,3.828782081604004,,
100,5,IPv4,3,iot95,2.7864418029785156,0.022939443588256836,2.8093812465667725,,
100,5,IPv4,3,iot97,2.7172226905822754,0.02084183692932129,2.7380645275115967,,
100,5,IPv4,3,iot85,2.913367509841919,0.011173248291015625,2.9245407581329346,,
100,5,IPv4,3,iot88,2.8712995052337646,0.009755134582519531,2.881054639816284,,
100,5,IPv4,3,iot14,3.8684945106506348,0.00945138931274414,3.877945899963379,,
100,5,IPv4,3,iot91,2.766674518585205,0.0047969818115234375,2.7714715003967285,,
100,5,IPv4,3,iot16,3.8451106548309326,0.0048007965087890625,3.8499114513397217,,
100,5,IPv4,3,iot92,2.754333257675171,0.00968623161315918,2.76401948928833,,
100,5,IPv4,3,iot98,2.759158134460449,0.003354787826538086,2.7625129222869873,,
100,5,IPv4,4,iot3,1.8074870109558105,0.006156206130981445,1.813643217086792,,
100,5,IPv4,4,iot8,1.814082145690918,0.01578831672668457,1.8298704624176025,,
100,5,IPv4,4,iot7,1.8590288162231445,0.014087200164794922,1.8731160163879395,,
100,5,IPv4,4,iot4,1.883842945098877,0.020007848739624023,1.903850793838501,,
100,5,IPv4,4,iot65,1.7173118591308594,0.009939908981323242,1.7272517681121826,,
100,5,IPv4,4,iot6,1.9292190074920654,0.011271476745605469,1.940490484237671,,
100,5,IPv4,4,iot1,1.9534788131713867,0.013592243194580078,1.9670710563659668,,
100,5,IPv4,4,iot22,1.8741850852966309,0.013605117797851562,1.8877902030944824,,
100,5,IPv4,4,iot12,1.936075210571289,0.005429744720458984,1.941504955291748,,
100,5,IPv4,4,iot2,1.9758331775665283,0.005601406097412109,1.9814345836639404,,
100,5,IPv4,4,iot50,1.8841989040374756,0.00391697883605957,1.8881158828735352,,
100,5,IPv4,4,iot13,1.9811406135559082,0.009560108184814453,1.9907007217407227,,
100,5,IPv4,4,iot31,1.9852325916290283,0.007807731628417969,1.9930403232574463,,
100,5,IPv4,4,iot45,1.7380549907684326,0.013485431671142578,1.7515404224395752,,
100,5,IPv4,4,iot23,1.8754839897155762,0.011635780334472656,1.8871197700500488,,
100,5,IPv4,4,iot15,2.121812582015991,0.0257875919342041,2.1476001739501953,,
100,5,IPv4,4,iot37,2.0164763927459717,0.015032529830932617,2.0315089225769043,,
100,5,IPv4,4,iot16,2.2288050651550293,0.029819250106811523,2.258624315261841,,
100,5,IPv4,4,iot58,2.0974864959716797,0.016330242156982422,2.113816738128662,,
100,5,IPv4,4,iot60,2.1540822982788086,0.03786182403564453,2.191944122314453,,
100,5,IPv4,4,iot48,1.9323177337646484,0.030709028244018555,1.963026762008667,,
100,5,IPv4,4,iot68,2.1018993854522705,0.05000495910644531,2.151904344558716,,
100,5,IPv4,4,iot46,2.2491137981414795,0.023889780044555664,2.273003578186035,,
100,5,IPv4,4,iot80,2.0585193634033203,0.03680229187011719,2.0953216552734375,,
100,5,IPv4,4,iot34,2.2771060466766357,0.021329402923583984,2.2984354496002197,,
100,5,IPv4,4,iot71,1.876542329788208,0.02391815185546875,1.9004604816436768,,
100,5,IPv4,4,iot17,2.534731149673462,0.06899881362915039,2.6037299633026123,,
100,5,IPv4,4,iot53,1.9429900646209717,0.07210230827331543,2.015092372894287,,
100,5,IPv4,4,iot77,2.2552449703216553,0.06097817420959473,2.31622314453125,,
100,5,IPv4,4,iot49,2.435239553451538,0.07588052749633789,2.511120080947876,,
100,5,IPv4,4,iot52,2.0331108570098877,0.06011033058166504,2.0932211875915527,,
100,5,IPv4,4,iot81,2.2916104793548584,0.03394722938537598,2.3255577087402344,,
100,5,IPv4,4,iot24,2.411566734313965,0.07494616508483887,2.4865128993988037,,
100,5,IPv4,4,iot86,2.295013904571533,0.06969428062438965,2.364708185195923,,
100,5,IPv4,4,iot20,3.0619616508483887,0.009892940521240234,3.071854591369629,,
100,5,IPv4,4,iot18,2.9473302364349365,0.008670806884765625,2.956001043319702,,
100,5,IPv4,4,iot32,3.0111000537872314,0.04249763488769531,3.0535976886749268,,
100,5,IPv4,4,iot55,3.0102109909057617,0.041216373443603516,3.0514273643493652,,
100,5,IPv4,4,iot33,2.9541070461273193,0.07408022880554199,3.0281872749328613,,
100,5,IPv4,4,iot66,2.924684524536133,0.07088971138000488,2.9955742359161377,,
100,5,IPv4,4,iot5,3.202155828475952,0.08360028266906738,3.2857561111450195,,
100,5,IPv4,4,iot59,2.807799816131592,0.044545888900756836,2.8523457050323486,,
100,5,IPv4,4,iot61,2.916836738586426,0.03534507751464844,2.952181816101074,,
100,5,IPv4,4,iot89,2.8793482780456543,0.023627281188964844,2.902975559234619,,
100,5,IPv4,4,iot69,3.0623106956481934,0.03432297706604004,3.0966336727142334,,
100,5,IPv4,4,iot79,3.0209996700286865,0.07353568077087402,3.0945353507995605,,
100,5,IPv4,4,iot90,2.9829673767089844,0.03832292556762695,3.0212903022766113,,
100,5,IPv4,4,iot9,3.4031639099121094,0.04467058181762695,3.4478344917297363,,
100,5,IPv4,4,iot75,3.0929996967315674,0.05189967155456543,3.144899368286133,,
100,5,IPv4,4,iot28,3.1817290782928467,0.055553436279296875,3.2372825145721436,,
100,5,IPv4,4,iot87,2.9958341121673584,0.06913447380065918,3.0649685859680176,,
100,5,IPv4,4,iot36,3.3603415489196777,0.04580354690551758,3.4061450958251953,,
100,5,IPv4,4,iot11,3.423588991165161,0.05817055702209473,3.481759548187256,,
100,5,IPv4,4,iot73,2.637138843536377,0.038281917572021484,2.6754207611083984,,
100,5,IPv4,4,iot100,2.9722514152526855,0.049299001693725586,3.021550416946411,,
100,5,IPv4,4,iot85,3.0876338481903076,0.041090965270996094,3.1287248134613037,,
100,5,IPv4,4,iot30,3.3810834884643555,0.04117631912231445,3.42225980758667,,
100,5,IPv4,4,iot78,3.145702600479126,0.08133053779602051,3.2270331382751465,,
100,5,IPv4,4,iot38,3.4292755126953125,0.03361248970031738,3.46288800239563,,
100,5,IPv4,4,iot57,3.3649582862854004,0.035185813903808594,3.400144100189209,,
100,5,IPv4,4,iot95,3.053100347518921,0.034807682037353516,3.0879080295562744,,
100,5,IPv4,4,iot43,3.205009937286377,0.07908892631530762,3.2840988636016846,,
100,5,IPv4,4,iot98,3.0916247367858887,0.03107762336730957,3.1227023601531982,,
100,5,IPv4,4,iot74,2.783780097961426,0.04041337966918945,2.8241934776306152,,
100,5,IPv4,4,iot76,2.8266782760620117,0.023367881774902344,2.850046157836914,,
100,5,IPv4,4,iot42,3.3382933139801025,0.050696372985839844,3.3889896869659424,,
100,5,IPv4,4,iot40,2.806572914123535,0.05569911003112793,2.862272024154663,,
100,5,IPv4,4,iot94,3.1127889156341553,0.07876920700073242,3.1915581226348877,,
100,5,IPv4,4,iot19,3.6218509674072266,0.02143383026123047,3.643284797668457,,
100,5,IPv4,4,iot27,3.496776819229126,0.016623735427856445,3.5134005546569824,,
100,5,IPv4,4,iot82,3.3536417484283447,0.028197288513183594,3.3818390369415283,,
100,5,IPv4,4,iot51,3.5503180027008057,0.020819664001464844,3.5711376667022705,,
100,5,IPv4,4,iot84,3.3534390926361084,0.03614616394042969,3.389585256576538,,
100,5,IPv4,4,iot72,2.9820358753204346,0.038001060485839844,3.0200369358062744,,
100,5,IPv4,4,iot96,3.2872812747955322,0.022272825241088867,3.309554100036621,,
100,5,IPv4,4,iot83,3.4319663047790527,0.019931316375732422,3.451897621154785,,
100,5,IPv4,4,iot29,3.3304710388183594,0.021013498306274414,3.351484537124634,,
100,5,IPv4,4,iot88,3.3434526920318604,0.03004145622253418,3.3734941482543945,,
100,5,IPv4,4,iot35,3.689774513244629,0.02818012237548828,3.717954635620117,,
100,5,IPv4,4,iot70,3.0174143314361572,0.03899264335632324,3.0564069747924805,,
100,5,IPv4,4,iot14,3.8015878200531006,0.04420185089111328,3.845789670944214,,
100,5,IPv4,4,iot21,3.756624937057495,0.03323841094970703,3.789863348007202,,
100,5,IPv4,4,iot99,3.333134651184082,0.029032230377197266,3.3621668815612793,,
100,5,IPv4,4,iot62,3.6112663745880127,0.03565669059753418,3.646923065185547,,
100,5,IPv4,4,iot10,3.836534261703491,0.023064136505126953,3.859598398208618,,
100,5,IPv4,4,iot93,3.4039194583892822,0.02661609649658203,3.4305355548858643,,
100,5,IPv4,4,iot67,3.5858030319213867,0.024424314498901367,3.610227346420288,,
100,5,IPv4,4,iot54,3.2081217765808105,0.014892578125,3.2230143547058105,,
100,5,IPv4,4,iot25,3.6157748699188232,0.02162933349609375,3.637404203414917,,
100,5,IPv4,4,iot92,3.4425582885742188,0.016536235809326172,3.459094524383545,,
100,5,IPv4,4,iot64,3.6007373332977295,0.016214370727539062,3.6169517040252686,,
100,5,IPv4,4,iot41,3.04616117477417,0.018716812133789062,3.064877986907959,,
100,5,IPv4,4,iot26,3.7344741821289062,0.02747941017150879,3.761953592300415,,
100,5,IPv4,4,iot39,3.708890676498413,0.011623620986938477,3.7205142974853516,,
100,5,IPv4,4,iot56,3.3608901500701904,0.01366281509399414,3.3745529651641846,,
100,5,IPv4,4,iot44,3.7618372440338135,0.005107879638671875,3.7669451236724854,,
100,5,IPv4,4,iot63,3.7243404388427734,0.007157802581787109,3.7314982414245605,,
100,5,IPv4,4,iot47,3.8006656169891357,0.006392478942871094,3.807058095932007,,
100,5,IPv4,4,iot91,3.46823787689209,0.00500178337097168,3.4732396602630615,,
100,5,IPv4,4,iot97,3.4266934394836426,0.002551555633544922,3.4292449951171875,,
100,5,IPv4,5,iot11,1.7445132732391357,0.051506757736206055,1.7960200309753418,,
100,5,IPv4,5,iot1,2.097022771835327,0.034226417541503906,2.131249189376831,,
100,5,IPv4,5,iot72,1.955155372619629,0.03463029861450195,1.9897856712341309,,
100,5,IPv4,5,iot9,2.0088796615600586,0.032990217208862305,2.041869878768921,,
100,5,IPv4,5,iot3,2.0892107486724854,0.04117894172668457,2.13038969039917,,
100,5,IPv4,5,iot18,2.032191038131714,0.023721694946289062,2.055912733078003,,
100,5,IPv4,5,iot41,1.683678150177002,0.028615713119506836,1.7122938632965088,,
100,5,IPv4,5,iot14,2.037649154663086,0.025790691375732422,2.0634398460388184,,
100,5,IPv4,5,iot13,2.0694527626037598,0.03951597213745117,2.108968734741211,,
100,5,IPv4,5,iot74,2.0350136756896973,0.0440218448638916,2.079035520553589,,
100,5,IPv4,5,iot87,1.9708173274993896,0.022366762161254883,1.9931840896606445,,
100,5,IPv4,5,iot17,2.0756337642669678,0.05216169357299805,2.127795457839966,,
100,5,IPv4,5,iot4,2.434135913848877,0.013965129852294922,2.448101043701172,,
100,5,IPv4,5,iot27,2.386467218399048,0.018021106719970703,2.4044883251190186,,
100,5,IPv4,5,iot29,2.156407117843628,0.05252504348754883,2.2089321613311768,,
100,5,IPv4,5,iot2,2.4131834506988525,0.058881521224975586,2.472064971923828,,
100,5,IPv4,5,iot76,2.2759804725646973,0.05966973304748535,2.3356502056121826,,
100,5,IPv4,5,iot33,2.029493570327759,0.06577539443969727,2.095268964767456,,
100,5,IPv4,5,iot73,2.369032144546509,0.028989791870117188,2.398021936416626,,
100,5,IPv4,5,iot40,2.2675869464874268,0.036544084548950195,2.304131031036377,,
100,5,IPv4,5,iot45,2.1748359203338623,0.06836628913879395,2.2432022094726562,,
100,5,IPv4,5,iot6,2.4916205406188965,0.035692691802978516,2.527313232421875,,
100,5,IPv4,5,iot24,2.391880750656128,0.06187295913696289,2.453753709793091,,
100,5,IPv4,5,iot56,2.0587522983551025,0.08515524864196777,2.1439075469970703,,
100,5,IPv4,5,iot58,2.2854719161987305,0.04914498329162598,2.3346168994903564,,
100,5,IPv4,5,iot21,2.653269052505493,0.0937354564666748,2.747004508972168,,
100,5,IPv4,5,iot57,2.4263875484466553,0.11634469032287598,2.5427322387695312,,
100,5,IPv4,5,iot65,2.126437187194824,0.10983395576477051,2.2362711429595947,,
100,5,IPv4,5,iot67,2.17273211479187,0.09822225570678711,2.2709543704986572,,
100,5,IPv4,5,iot46,2.445876121520996,0.09328651428222656,2.5391626358032227,,
100,5,IPv4,5,iot54,2.637542963027954,0.02181243896484375,2.659355401992798,,
100,5,IPv4,5,iot7,3.1159775257110596,0.007843732833862305,3.123821258544922,,
100,5,IPv4,5,iot64,2.46012806892395,0.04561257362365723,2.5057406425476074,,
100,5,IPv4,5,iot44,2.795748233795166,0.027297019958496094,2.823045253753662,,
100,5,IPv4,5,iot60,2.7088727951049805,0.021357059478759766,2.7302298545837402,,
100,5,IPv4,5,iot59,2.9442150592803955,0.017765045166015625,2.961980104446411,,
100,5,IPv4,5,iot53,3.2079458236694336,0.023099660873413086,3.2310454845428467,,
100,5,IPv4,5,iot16,2.9799304008483887,0.04845786094665527,3.028388261795044,,
100,5,IPv4,5,iot94,2.210132122039795,0.04773283004760742,2.2578649520874023,,
100,5,IPv4,5,iot97,2.2677626609802246,0.020858287811279297,2.288620948791504,,
100,5,IPv4,5,iot5,3.226440668106079,0.1064293384552002,3.3328700065612793,,
100,5,IPv4,5,iot31,3.106738328933716,0.027556180953979492,3.1342945098876953,,
100,5,IPv4,5,iot71,3.2853341102600098,0.02678823471069336,3.312122344970703,,
100,5,IPv4,5,iot42,2.919860601425171,0.0805823802947998,3.0004429817199707,,
100,5,IPv4,5,iot38,3.152134656906128,0.047616004943847656,3.1997506618499756,,
100,5,IPv4,5,iot75,3.2444827556610107,0.03363537788391113,3.278118133544922,,
100,5,IPv4,5,iot26,3.009840250015259,0.036229610443115234,3.046069860458374,,
100,5,IPv4,5,iot39,3.101621389389038,0.04635190963745117,3.1479732990264893,,
100,5,IPv4,5,iot79,2.5101776123046875,0.049773216247558594,2.559950828552246,,
100,5,IPv4,5,iot34,3.028761625289917,0.04205608367919922,3.070817708969116,,
100,5,IPv4,5,iot70,3.3425326347351074,0.0272672176361084,3.369799852371216,,
100,5,IPv4,5,iot43,3.003953695297241,0.03358101844787598,3.037534713745117,,
100,5,IPv4,5,iot20,3.173093318939209,0.06517219543457031,3.2382655143737793,,
100,5,IPv4,5,iot51,3.159402847290039,0.08806610107421875,3.247468948364258,,
100,5,IPv4,5,iot50,3.0806353092193604,0.08774185180664062,3.168377161026001,,
100,5,IPv4,5,iot92,2.599558115005493,0.05608510971069336,2.6556432247161865,,
100,5,IPv4,5,iot93,2.62506103515625,0.05970406532287598,2.684765100479126,,
100,5,IPv4,5,iot68,3.4920454025268555,0.05410170555114746,3.546147108078003,,
100,5,IPv4,5,iot69,3.4995994567871094,0.04263949394226074,3.54223895072937,,
100,5,IPv4,5,iot47,3.3707704544067383,0.036741018295288086,3.4075114727020264,,
100,5,IPv4,5,iot25,3.628422975540161,0.0272829532623291,3.6557059288024902,,
100,5,IPv4,5,iot85,2.758880615234375,0.03363537788391113,2.792515993118286,,
100,5,IPv4,5,iot80,3.5151615142822266,0.020337581634521484,3.535499095916748,,
100,5,IPv4,5,iot30,3.2962002754211426,0.03171110153198242,3.327911376953125,,
100,5,IPv4,5,iot22,3.5385565757751465,0.06726479530334473,3.605821371078491,,
100,5,IPv4,5,iot48,3.628983497619629,0.06529021263122559,3.6942737102508545,,
100,5,IPv4,5,iot81,2.59318470954895,0.02515268325805664,2.618337392807007,,
100,5,IPv4,5,iot32,3.4191272258758545,0.06060218811035156,3.479729413986206,,
100,5,IPv4,5,iot12,3.7167506217956543,0.04788088798522949,3.764631509780884,,
100,5,IPv4,5,iot61,3.6580162048339844,0.05717062950134277,3.715186834335327,,
100,5,IPv4,5,iot8,3.6957156658172607,0.05588340759277344,3.751599073410034,,
100,5,IPv4,5,iot23,3.782623767852783,0.011764764785766602,3.79438853263855,,
100,5,IPv4,5,iot63,3.7676103115081787,0.01603984832763672,3.7836501598358154,,
100,5,IPv4,5,iot55,3.370366334915161,0.011841773986816406,3.3822081089019775,,
100,5,IPv4,5,iot52,3.484041213989258,0.037016868591308594,3.5210580825805664,,
100,5,IPv4,5,iot99,2.6776788234710693,0.014338016510009766,2.692016839981079,,
100,5,IPv4,5,iot36,3.559135913848877,0.03211522102355957,3.5912511348724365,,
100,5,IPv4,5,iot82,2.9421818256378174,0.03564000129699707,2.9778218269348145,,
100,5,IPv4,5,iot35,3.697021722793579,0.01638484001159668,3.713406562805176,,
100,5,IPv4,5,iot10,3.781531572341919,0.03399085998535156,3.8155224323272705,,
100,5,IPv4,5,iot96,2.6760616302490234,0.0355069637298584,2.711568593978882,,
100,5,IPv4,5,iot37,3.4691708087921143,0.027446746826171875,3.496617555618286,,
100,5,IPv4,5,iot49,3.584850311279297,0.019088268280029297,3.603938579559326,,
100,5,IPv4,5,iot19,3.6289937496185303,0.013394832611083984,3.6423885822296143,,
100,5,IPv4,5,iot91,2.8324339389801025,0.012332916259765625,2.844766855239868,,
100,5,IPv4,5,iot95,2.9033634662628174,0.023287534713745117,2.9266510009765625,,
100,5,IPv4,5,iot62,3.3051140308380127,0.016167879104614258,3.321281909942627,,
100,5,IPv4,5,iot88,3.752336263656616,0.01776909828186035,3.7701053619384766,,
100,5,IPv4,5,iot83,3.0263006687164307,0.021143436431884766,3.0474441051483154,,
100,5,IPv4,5,iot98,2.806713104248047,0.01748967170715332,2.8242027759552,,
100,5,IPv4,5,iot90,2.797760009765625,0.017785310745239258,2.8155453205108643,,
100,5,IPv4,5,iot86,3.0302062034606934,0.01929783821105957,3.049504041671753,,
100,5,IPv4,5,iot15,3.8001441955566406,0.013826131820678711,3.8139703273773193,,
100,5,IPv4,5,iot28,3.9478251934051514,0.02215099334716797,3.9699761867523193,,
100,5,IPv4,5,iot89,3.7902157306671143,0.014491081237792969,3.8047068119049072,,
100,5,IPv4,5,iot78,3.1558499336242676,0.012784004211425781,3.1686339378356934,,
100,5,IPv4,5,iot66,3.3792102336883545,0.016091346740722656,3.395301580429077,,
100,5,IPv4,5,iot77,3.7938599586486816,0.012042522430419922,3.8059024810791016,,
100,5,IPv4,5,iot100,2.8707942962646484,0.007062196731567383,2.877856492996216,,
100,5,IPv4,5,iot84,3.0678279399871826,0.002756834030151367,3.070584774017334,,
100,5,IPv6,1,iot77,1.7061951160430908,0.09685635566711426,1.803051471710205,0.7478570938110352,0.9583380222320557
100,5,IPv6,1,iot97,1.680347204208374,0.09595394134521484,1.7763011455535889,0.5713150501251221,1.109032154083252
100,5,IPv6,1,iot9,2.0156772136688232,0.09628438949584961,2.111961603164673,0.9135782718658447,1.1020989418029785
100,5,IPv6,1,iot11,2.028050661087036,0.08405256271362305,2.112103223800659,1.4840126037597656,0.5440380573272705
100,5,IPv6,1,iot10,2.06937313079834,0.05175423622131348,2.1211273670196533,1.6965503692626953,0.37282276153564453
100,5,IPv6,1,iot78,1.7843074798583984,0.07748556137084961,1.861793041229248,0.7666959762573242,1.0176115036010742
100,5,IPv6,1,iot70,1.3484673500061035,0.07443404197692871,1.4229013919830322,0.1307964324951172,1.2176709175109863
100,5,IPv6,1,iot54,1.7377238273620605,0.0667276382446289,1.8044514656066895,0.5538918972015381,1.1838319301605225
100,5,IPv6,1,iot42,1.57594633102417,0.07949185371398926,1.6554381847381592,0.5906369686126709,0.985309362411499
100,5,IPv6,1,iot71,1.4325461387634277,0.04220414161682129,1.474750280380249,0.2258603572845459,1.2066857814788818
100,5,IPv6,1,iot18,2.1960771083831787,0.08638930320739746,2.282466411590576,0.9401578903198242,1.2559192180633545
100,5,IPv6,1,iot26,1.991060495376587,0.10258030891418457,2.0936408042907715,0.9255473613739014,1.0655131340026855
100,5,IPv6,1,iot19,2.0967116355895996,0.0878288745880127,2.1845405101776123,0.955963134765625,1.1407485008239746
100,5,IPv6,1,iot60,2.011586904525757,0.10501813888549805,2.116605043411255,0.7759320735931396,1.2356548309326172
100,5,IPv6,1,iot65,0.7081418037414551,0.13352084159851074,0.8416626453399658,0.18600153923034668,0.5221402645111084
100,5,IPv6,1,iot73,1.5173254013061523,0.08007264137268066,1.597398042678833,0.12566518783569336,1.391660213470459
100,5,IPv6,1,iot21,2.0367650985717773,0.18145132064819336,2.2182164192199707,0.8338418006896973,1.20292329788208
100,5,IPv6,1,iot41,1.8307504653930664,0.07754397392272949,1.908294439315796,0.984905481338501,0.8458449840545654
100,5,IPv6,1,iot64,1.2811825275421143,0.04689931869506836,1.3280818462371826,0.22632551193237305,1.0548570156097412
100,5,IPv6,1,iot22,2.3185524940490723,0.07771873474121094,2.396271228790283,2.3185524940490723,0.0
100,5,IPv6,1,iot20,2.13139271736145,0.12380361557006836,2.2551963329315186,1.0312628746032715,1.1001298427581787
100,5,IPv6,1,iot61,1.7293486595153809,0.11731457710266113,1.846663236618042,0.6762535572052002,1.0530951023101807
100,5,IPv6,1,iot31,2.243835687637329,0.0989084243774414,2.3427441120147705,1.0082831382751465,1.2355525493621826
100,5,IPv6,1,iot82,1.567185640335083,0.08735179901123047,1.6545374393463135,0.5228016376495361,1.0443840026855469
100,5,IPv6,1,iot62,1.7389850616455078,0.1121206283569336,1.8511056900024414,0.2751576900482178,1.46382737159729
100,5,IPv6,1,iot49,1.894092082977295,0.08660531044006348,1.9806973934173584,0.7528295516967773,1.1412625312805176
100,5,IPv6,1,iot25,2.288060188293457,0.11891531944274902,2.406975507736206,1.1499664783477783,1.1380937099456787
100,5,IPv6,1,iot13,2.3926587104797363,0.09763097763061523,2.4902896881103516,0.8576147556304932,1.5350439548492432
100,5,IPv6,1,iot55,2.2549538612365723,0.06879830360412598,2.3237521648406982,0.6466381549835205,1.6083157062530518
100,5,IPv6,1,iot40,2.2679011821746826,0.07347249984741211,2.3413736820220947,0.9303112030029297,1.337589979171753
100,5,IPv6,1,iot68,2.1815171241760254,0.11328935623168945,2.294806480407715,0.7441625595092773,1.437354564666748
100,5,IPv6,1,iot58,2.0479233264923096,0.07485342025756836,2.122776746749878,0.7179992198944092,1.3299241065979004
100,5,IPv6,1,iot14,2.499674081802368,0.08297944068908691,2.582653522491455,1.0246353149414062,1.475038766860962
100,5,IPv6,1,iot39,1.8132319450378418,0.3477153778076172,2.160947322845459,0.929722785949707,0.8835091590881348
100,5,IPv6,1,iot51,1.812960147857666,0.3699023723602295,2.1828625202178955,0.6763143539428711,1.136645793914795
100,5,IPv6,1,iot8,2.507946491241455,0.0814058780670166,2.5893523693084717,0.9819576740264893,1.5259888172149658
100,5,IPv6,1,iot33,2.4021451473236084,0.08742403984069824,2.4895691871643066,1.1163380146026611,1.2858071327209473
100,5,IPv6,1,iot27,2.418145179748535,0.0941464900970459,2.512291669845581,0.7349932193756104,1.6831519603729248
100,5,IPv6,1,iot100,2.149075508117676,0.1006779670715332,2.249753475189209,0.5060415267944336,1.6430339813232422
100,5,IPv6,1,iot29,2.421184539794922,0.10019779205322266,2.5213823318481445,1.4678502082824707,0.9533343315124512
100,5,IPv6,1,iot67,1.7973284721374512,0.09653162956237793,1.893860101699829,0.16910409927368164,1.6282243728637695
100,5,IPv6,1,iot37,2.4012038707733154,0.10785412788391113,2.5090579986572266,1.3397016525268555,1.06150221824646
100,5,IPv6,1,iot30,2.3994791507720947,0.11067080497741699,2.5101499557495117,1.126103162765503,1.2733759880065918
100,5,IPv6,1,iot6,2.5541861057281494,0.10718965530395508,2.6613757610321045,1.1873984336853027,1.3667876720428467
100,5,IPv6,1,iot17,2.5380449295043945,0.0865941047668457,2.6246390342712402,1.042893648147583,1.4951512813568115
100,5,IPv6,1,iot12,2.573765754699707,0.07984757423400879,2.653613328933716,0.9976179599761963,1.5761477947235107
100,5,IPv6,1,iot34,2.4250547885894775,0.07004475593566895,2.4950995445251465,0.7658514976501465,1.659203290939331
100,5,IPv6,1,iot28,2.4771151542663574,0.1027677059173584,2.579882860183716,0.8326327800750732,1.6444823741912842
100,5,IPv6,1,iot50,2.3656466007232666,0.11053085327148438,2.476177453994751,0.9464635848999023,1.4191830158233643
100,5,IPv6,1,iot80,1.814518928527832,0.11086630821228027,1.9253852367401123,0.25534796714782715,1.5591709613800049
100,5,IPv6,1,iot76,1.8531239032745361,0.06093931198120117,1.9140632152557373,0.14936494827270508,1.703758955001831
100,5,IPv6,1,iot96,2.2115423679351807,0.08446812629699707,2.2960104942321777,0.5105304718017578,1.7010118961334229
100,5,IPv6,1,iot15,2.550584316253662,0.09424519538879395,2.644829511642456,1.3112611770629883,1.2393231391906738
100,5,IPv6,1,iot24,2.509162425994873,0.0746920108795166,2.5838544368743896,1.914722204208374,0.594440221786499
100,5,IPv6,1,iot44,2.3781368732452393,0.07175970077514648,2.4498965740203857,1.1883220672607422,1.189814805984497
100,5,IPv6,1,iot98,2.2977912425994873,0.07275247573852539,2.3705437183380127,1.117940902709961,1.1798503398895264
100,5,IPv6,1,iot5,2.700455904006958,0.05755805969238281,2.758013963699341,0.9563860893249512,1.7440698146820068
100,5,IPv6,1,iot59,2.486990451812744,0.05313849449157715,2.5401289463043213,0.8317904472351074,1.6552000045776367
100,5,IPv6,1,iot53,2.5095763206481934,0.04939699172973633,2.5589733123779297,1.1398036479949951,1.3697726726531982
100,5,IPv6,1,iot23,2.4653780460357666,0.043814897537231445,2.509192943572998,0.6260941028594971,1.8392839431762695
100,5,IPv6,1,iot45,2.2381205558776855,0.06360006332397461,2.30172061920166,0.5804252624511719,1.6576952934265137
100,5,IPv6,1,iot43,2.1743597984313965,0.04396533966064453,2.218325138092041,1.2842717170715332,0.8900880813598633
100,5,IPv6,1,iot56,2.4052181243896484,0.07330989837646484,2.4785280227661133,0.9310274124145508,1.4741907119750977
100,5,IPv6,1,iot75,1.9272918701171875,0.06075572967529297,1.9880475997924805,1.0267202854156494,0.9005715847015381
100,5,IPv6,1,iot3,2.7242186069488525,0.0541689395904541,2.7783875465393066,1.0658586025238037,1.6583600044250488
100,5,IPv6,1,iot79,1.874276876449585,0.022177696228027344,1.8964545726776123,0.19740080833435059,1.6768760681152344
100,5,IPv6,1,iot35,2.6040096282958984,0.013333559036254883,2.6173431873321533,1.336700677871704,1.2673089504241943
100,5,IPv6,1,iot90,2.4247100353240967,0.018767833709716797,2.4434778690338135,1.1886711120605469,1.2360389232635498
100,5,IPv6,1,iot47,2.533480405807495,0.07029581069946289,2.603776216506958,0.8165278434753418,1.7169525623321533
100,5,IPv6,1,iot4,2.7723488807678223,0.013466358184814453,2.7858152389526367,1.0783309936523438,1.6940178871154785
100,5,IPv6,1,iot48,2.246912717819214,0.01472783088684082,2.2616405487060547,0.5509750843048096,1.6959376335144043
100,5,IPv6,1,iot36,2.6787407398223877,0.019330263137817383,2.698071002960205,1.2209277153015137,1.457813024520874
100,5,IPv6,1,iot92,2.4503111839294434,0.02028799057006836,2.4705991744995117,0.6708579063415527,1.7794532775878906
100,5,IPv6,1,iot7,2.7001681327819824,0.1196739673614502,2.8198421001434326,1.2371547222137451,1.4630134105682373
100,5,IPv6,1,iot57,2.4663212299346924,0.11202526092529297,2.5783464908599854,1.2099573612213135,1.256363868713379
100,5,IPv6,1,iot63,2.2705078125,0.013782978057861328,2.2842907905578613,0.5032775402069092,1.7672302722930908
100,5,IPv6,1,iot46,2.276315689086914,0.014842033386230469,2.2911577224731445,0.9952065944671631,1.281109094619751
100,5,IPv6,1,iot84,1.8303589820861816,0.11867332458496094,1.9490323066711426,0.6437749862670898,1.1865839958190918
100,5,IPv6,1,iot1,2.853156805038452,0.021497488021850586,2.8746542930603027,0.9197506904602051,1.933406114578247
100,5,IPv6,1,iot66,1.7167727947235107,0.024414539337158203,1.741187334060669,1.011242389678955,0.7055304050445557
100,5,IPv6,1,iot69,2.0546011924743652,0.02898097038269043,2.0835821628570557,1.452071189880371,0.6025300025939941
100,5,IPv6,1,iot52,2.6131796836853027,0.030791282653808594,2.6439709663391113,0.7719595432281494,1.8412201404571533
100,5,IPv6,1,iot87,2.5494565963745117,0.02741217613220215,2.576868772506714,1.22267484664917,1.3267817497253418
100,5,IPv6,1,iot32,2.6834182739257812,0.03179025650024414,2.7152085304260254,1.5763602256774902,1.107058048248291
100,5,IPv6,1,iot38,2.488814353942871,0.02559828758239746,2.5144126415252686,0.6209506988525391,1.867863655090332
100,5,IPv6,1,iot16,2.8520781993865967,0.025485515594482422,2.877563714981079,0.7998521327972412,2.0522260665893555
100,5,IPv6,1,iot2,2.9348745346069336,0.01779937744140625,2.95267391204834,0.910008430480957,2.0248661041259766
100,5,IPv6,1,iot74,4.2960193157196045,0.006219387054443359,4.302238702774048,3.158949851989746,1.1370694637298584
100,5,IPv6,1,iot91,3.974346160888672,0.0028629302978515625,3.9772090911865234,2.73054838180542,1.243797779083252
100,5,IPv6,1,iot83,4.319805145263672,0.004322528839111328,4.324127674102783,3.113436222076416,1.2063689231872559
100,5,IPv6,1,iot94,4.099774360656738,0.005086183547973633,4.104860544204712,2.71738862991333,1.3823857307434082
100,5,IPv6,1,iot89,4.387514114379883,0.0021910667419433594,4.389705181121826,3.0007593631744385,1.3867547512054443
100,5,IPv6,1,iot99,4.148040771484375,0.0023763179779052734,4.15041708946228,2.715186357498169,1.432854413986206
100,5,IPv6,1,iot93,4.08202862739563,0.0028848648071289062,4.084913492202759,2.5072991847991943,1.5747294425964355
100,5,IPv6,1,iot81,4.8353002071380615,0.006497621536254883,4.841797828674316,3.0485053062438965,1.786794900894165
100,5,IPv6,1,iot86,4.933706760406494,0.0034203529357910156,4.937127113342285,2.9604392051696777,1.9732675552368164
100,5,IPv6,1,iot72,4.67141318321228,0.0023956298828125,4.673808813095093,3.463463544845581,1.2079496383666992
100,5,IPv6,1,iot88,5.246635437011719,0.002851247787475586,5.249486684799194,3.187565803527832,2.0590696334838867
100,5,IPv6,1,iot95,4.827886343002319,0.0030517578125,4.830938100814819,2.9763362407684326,1.8515501022338867
100,5,IPv6,1,iot85,5.053087472915649,0.002567768096923828,5.055655241012573,3.1374151706695557,1.9156723022460938
100,5,IPv6,2,iot9,1.8764772415161133,0.15571904182434082,2.032196283340454,0.9561870098114014,0.9202902317047119
100,5,IPv6,2,iot23,1.7584354877471924,0.0777432918548584,1.8361787796020508,0.6226613521575928,1.1357741355895996
100,5,IPv6,2,iot2,2.0715482234954834,0.09537625312805176,2.166924476623535,1.245319128036499,0.8262290954589844
100,5,IPv6,2,iot7,2.0891916751861572,0.057511091232299805,2.146702766418457,1.554943561553955,0.5342481136322021
100,5,IPv6,2,iot56,1.9317576885223389,0.05096888542175293,1.9827265739440918,1.464724063873291,0.46703362464904785
100,5,IPv6,2,iot36,1.924992561340332,0.07837605476379395,2.003368616104126,1.0190775394439697,0.9059150218963623
100,5,IPv6,2,iot62,1.668022871017456,0.08570647239685059,1.7537293434143066,0.9556272029876709,0.7123956680297852
100,5,IPv6,2,iot33,2.0192339420318604,0.056044578552246094,2.0752785205841064,1.0895323753356934,0.929701566696167
100,5,IPv6,2,iot47,1.6080338954925537,0.09308600425720215,1.7011198997497559,0.5770153999328613,1.0310184955596924
100,5,IPv6,2,iot45,2.086160182952881,0.0696415901184082,2.155801773071289,1.0572290420532227,1.0289311408996582
100,5,IPv6,2,iot50,2.0709025859832764,0.10367393493652344,2.1745765209198,1.3189165592193604,0.751986026763916
100,5,IPv6,2,iot99,2.074042558670044,0.058182477951049805,2.1322250366210938,1.3044414520263672,0.7696011066436768
100,5,IPv6,2,iot31,2.146303653717041,0.03412747383117676,2.1804311275482178,1.1009480953216553,1.0453555583953857
100,5,IPv6,2,iot94,2.1252479553222656,0.03783011436462402,2.1630780696868896,0.9807264804840088,1.1445214748382568
100,5,IPv6,2,iot64,1.7682428359985352,0.05112791061401367,1.8193707466125488,0.8768181800842285,0.8914246559143066
100,5,IPv6,2,iot11,2.372129440307617,0.05973482131958008,2.4318642616271973,1.016378402709961,1.3557510375976562
100,5,IPv6,2,iot58,1.527129888534546,0.09752893447875977,1.6246588230133057,0.22809958457946777,1.2990303039550781
100,5,IPv6,2,iot53,2.165435791015625,0.09893155097961426,2.2643673419952393,0.7843756675720215,1.3810601234436035
100,5,IPv6,2,iot17,2.3708765506744385,0.10660791397094727,2.4774844646453857,1.4776875972747803,0.8931889533996582
100,5,IPv6,2,iot63,2.262111186981201,0.08079290390014648,2.3429040908813477,1.0917189121246338,1.1703922748565674
100,5,IPv6,2,iot38,2.1204168796539307,0.07306361198425293,2.1934804916381836,0.7818276882171631,1.3385891914367676
100,5,IPv6,2,iot3,2.563342809677124,0.08090472221374512,2.644247531890869,0.9705173969268799,1.5928254127502441
100,5,IPv6,2,iot69,1.7429728507995605,0.08066225051879883,1.8236351013183594,0.16299867630004883,1.5799741744995117
100,5,IPv6,2,iot65,2.349128484725952,0.07712984085083008,2.4262583255767822,1.116109848022461,1.2330186367034912
100,5,IPv6,2,iot57,2.121363401412964,0.06970095634460449,2.1910643577575684,0.4639320373535156,1.6574313640594482
100,5,IPv6,2,iot6,2.6032097339630127,0.05047273635864258,2.6536824703216553,1.187964677810669,1.4152450561523438
100,5,IPv6,2,iot21,2.4732112884521484,0.06599712371826172,2.53920841217041,0.9486420154571533,1.5245692729949951
100,5,IPv6,2,iot16,2.404447078704834,0.049696922302246094,2.45414400100708,1.4750044345855713,0.9294426441192627
100,5,IPv6,2,iot96,2.3117597103118896,0.05775308609008789,2.3695127964019775,1.1134569644927979,1.1983027458190918
100,5,IPv6,2,iot30,2.5082154273986816,0.048296451568603516,2.556511878967285,1.0123426914215088,1.4958727359771729
100,5,IPv6,2,iot42,2.436215877532959,0.0243685245513916,2.4605844020843506,0.8224995136260986,1.6137163639068604
100,5,IPv6,2,iot52,2.2407102584838867,0.023794889450073242,2.26450514793396,0.6185793876647949,1.6221308708190918
100,5,IPv6,2,iot76,1.875802993774414,0.022097349166870117,1.8979003429412842,0.7982397079467773,1.0775632858276367
100,5,IPv6,2,iot48,1.7267858982086182,0.6774423122406006,2.4042282104492188,1.2746384143829346,0.4521474838256836
100,5,IPv6,2,iot14,2.5862343311309814,0.04301571846008301,2.6292500495910645,1.0974924564361572,1.4887418746948242
100,5,IPv6,2,iot61,2.179696798324585,0.03975248336791992,2.219449281692505,0.4341897964477539,1.745507001876831
100,5,IPv6,2,iot40,2.251283884048462,0.03867292404174805,2.28995680809021,0.8730573654174805,1.3782265186309814
100,5,IPv6,2,iot1,2.668013334274292,0.03748726844787598,2.705500602722168,0.9492101669311523,1.7188031673431396
100,5,IPv6,2,iot83,2.4039242267608643,0.03822684288024902,2.4421510696411133,0.8052935600280762,1.598630666732788
100,5,IPv6,2,iot46,2.2971227169036865,0.0377957820892334,2.33491849899292,1.11883544921875,1.1782872676849365
100,5,IPv6,2,iot34,2.529411554336548,0.038521766662597656,2.5679333209991455,0.8188605308532715,1.7105510234832764
100,5,IPv6,2,iot29,2.5866241455078125,0.04495978355407715,2.6315839290618896,0.9141442775726318,1.6724798679351807
100,5,IPv6,2,iot20,2.4634575843811035,0.03072524070739746,2.494182825088501,1.2951717376708984,1.168285846710205
100,5,IPv6,2,iot59,2.285397529602051,0.04758334159851074,2.3329808712005615,0.6516971588134766,1.6337003707885742
100,5,IPv6,2,iot5,2.7397351264953613,0.05064868927001953,2.790383815765381,0.9541349411010742,1.785600185394287
100,5,IPv6,2,iot27,2.7025983333587646,0.06866765022277832,2.771265983581543,1.5267019271850586,1.175896406173706
100,5,IPv6,2,iot22,2.4500019550323486,0.06620311737060547,2.516205072402954,1.224264144897461,1.2257378101348877
100,5,IPv6,2,iot95,2.515030860900879,0.0585780143737793,2.573608875274658,1.1394855976104736,1.3755452632904053
100,5,IPv6,2,iot15,2.749197006225586,0.06302165985107422,2.81221866607666,0.8708033561706543,1.8783936500549316
100,5,IPv6,2,iot10,2.7616145610809326,0.058611154556274414,2.820225715637207,1.1240670680999756,1.637547492980957
100,5,IPv6,2,iot43,2.1266119480133057,0.05234551429748535,2.178957462310791,0.2621598243713379,1.8644521236419678
100,5,IPv6,2,iot98,2.5381557941436768,0.039809226989746094,2.577965021133423,1.1920013427734375,1.3461544513702393
100,5,IPv6,2,iot32,2.722506284713745,0.05207228660583496,2.77457857131958,0.8611383438110352,1.86136794090271
100,5,IPv6,2,iot93,2.5364391803741455,0.03690671920776367,2.573345899581909,0.5933144092559814,1.943124771118164
100,5,IPv6,2,iot8,2.8344438076019287,0.05006051063537598,2.8845043182373047,0.8605575561523438,1.973886251449585
100,5,IPv6,2,iot26,2.6797971725463867,0.05461573600769043,2.734412908554077,1.0261626243591309,1.6536345481872559
100,5,IPv6,2,iot12,2.8144423961639404,0.06344103813171387,2.8778834342956543,1.1482961177825928,1.6661462783813477
100,5,IPv6,2,iot100,2.6260478496551514,0.06176495552062988,2.6878128051757812,1.0510609149932861,1.5749869346618652
100,5,IPv6,2,iot28,2.7796638011932373,0.054473876953125,2.8341376781463623,1.028625249862671,1.7510385513305664
100,5,IPv6,2,iot24,2.690972089767456,0.04419660568237305,2.735168695449829,0.9350996017456055,1.7558724880218506
100,5,IPv6,2,iot51,2.467649221420288,0.05773591995239258,2.5253851413726807,1.372422218322754,1.0952270030975342
100,5,IPv6,2,iot97,2.638939142227173,0.03614497184753418,2.675084114074707,0.5672478675842285,2.0716912746429443
100,5,IPv6,2,iot13,2.9356582164764404,0.04840993881225586,2.9840681552886963,1.2955684661865234,1.640089750289917
100,5,IPv6,2,iot4,2.951352596282959,0.04557967185974121,2.9969322681427,1.7636868953704834,1.1876657009124756
100,5,IPv6,2,iot92,2.707181215286255,0.0373387336730957,2.7445199489593506,1.137338638305664,1.5698425769805908
100,5,IPv6,2,iot18,2.741922616958618,0.043923139572143555,2.7858457565307617,1.423539638519287,1.318382978439331
100,5,IPv6,2,iot55,2.4786407947540283,0.04160881042480469,2.520249605178833,0.445789098739624,2.0328516960144043
100,5,IPv6,2,iot37,2.711030960083008,0.031983375549316406,2.743014335632324,1.1891818046569824,1.5218491554260254
100,5,IPv6,2,iot60,2.3559069633483887,0.03923773765563965,2.3951447010040283,0.5859735012054443,1.7699334621429443
100,5,IPv6,2,iot39,2.6969618797302246,0.02804398536682129,2.725005865097046,0.534935712814331,2.1620261669158936
100,5,IPv6,2,iot54,2.364682912826538,0.05510663986206055,2.4197895526885986,0.22515034675598145,2.1395325660705566
100,5,IPv6,2,iot35,2.8146109580993652,0.048090457916259766,2.862701416015625,0.8633723258972168,1.9512386322021484
100,5,IPv6,2,iot25,3.041355609893799,0.030917644500732422,3.0722732543945312,1.5463306903839111,1.4950249195098877
100,5,IPv6,2,iot19,3.0677530765533447,0.01848912239074707,3.086242198944092,1.3940482139587402,1.6737048625946045
100,5,IPv6,2,iot81,4.184389591217041,0.004603862762451172,4.188993453979492,3.1408393383026123,1.0435502529144287
100,5,IPv6,2,iot84,3.8252105712890625,0.012161016464233398,3.837371587753296,2.6724417209625244,1.152768850326538
100,5,IPv6,2,iot70,3.8355367183685303,0.017409324645996094,3.8529460430145264,2.7021050453186035,1.1334316730499268
100,5,IPv6,2,iot90,4.042958974838257,0.02231454849243164,4.0652735233306885,2.854602813720703,1.1883561611175537
100,5,IPv6,2,iot85,3.8507273197174072,0.01907181739807129,3.8697991371154785,2.6612706184387207,1.1894567012786865
100,5,IPv6,2,iot71,4.302487373352051,0.01024937629699707,4.312736749649048,3.140610456466675,1.161876916885376
100,5,IPv6,2,iot44,4.670250654220581,0.009949207305908203,4.680199861526489,3.3816163539886475,1.2886343002319336
100,5,IPv6,2,iot80,4.536555290222168,0.019362211227416992,4.555917501449585,3.0236785411834717,1.5128767490386963
100,5,IPv6,2,iot66,4.825216770172119,0.0027823448181152344,4.827999114990234,3.397944211959839,1.4272725582122803
100,5,IPv6,2,iot89,4.180307388305664,0.0067462921142578125,4.187053680419922,2.5418691635131836,1.6384382247924805
100,5,IPv6,2,iot79,4.222344160079956,0.003271818161010742,4.225615978240967,2.6956114768981934,1.5267326831817627
100,5,IPv6,2,iot77,4.80397629737854,0.010577678680419922,4.81455397605896,3.7461657524108887,1.0578105449676514
100,5,IPv6,2,iot75,5.007617473602295,0.004256248474121094,5.011873722076416,3.279006242752075,1.7286112308502197
100,5,IPv6,2,iot41,4.630735874176025,0.008126258850097656,4.638862133026123,2.9497201442718506,1.6810157299041748
100,5,IPv6,2,iot86,4.766504287719727,0.006711721420288086,4.773216009140015,3.0784215927124023,1.6880826950073242
100,5,IPv6,2,iot73,4.758985280990601,0.007043361663818359,4.766028642654419,3.5640828609466553,1.1949024200439453
100,5,IPv6,2,iot49,4.661793947219849,0.006040334701538086,4.667834281921387,2.861067056655884,1.8007268905639648
100,5,IPv6,2,iot78,4.982715845108032,0.005537509918212891,4.988253355026245,3.700626850128174,1.2820889949798584
100,5,IPv6,2,iot74,4.9949631690979,0.009745121002197266,5.004708290100098,3.114027261734009,1.8809359073638916
100,5,IPv6,2,iot91,4.945567607879639,0.0050427913665771484,4.950610399246216,3.0415751934051514,1.9039924144744873
100,5,IPv6,2,iot72,5.048725366592407,0.003379344940185547,5.052104711532593,3.604771375656128,1.4439539909362793
100,5,IPv6,2,iot87,5.307064533233643,0.003216981887817383,5.31028151512146,3.6113033294677734,1.6957612037658691
100,5,IPv6,2,iot67,4.983830690383911,0.002460002899169922,4.986290693283081,3.2691235542297363,1.7147071361541748
100,5,IPv6,2,iot88,5.2714643478393555,0.002462625503540039,5.2739269733428955,3.4954538345336914,1.776010513305664
100,5,IPv6,2,iot82,5.493656635284424,0.00292205810546875,5.496578693389893,3.597695827484131,1.895960807800293
100,5,IPv6,2,iot68,5.608366250991821,0.002302885055541992,5.610669136047363,3.678183078765869,1.9301831722259521
100,5,IPv6,3,iot49,0.8572196960449219,0.12264323234558105,0.9798629283905029,0.13724470138549805,0.7199749946594238
100,5,IPv6,3,iot58,1.5772368907928467,0.11913704872131348,1.6963739395141602,0.584874153137207,0.9923627376556396
100,5,IPv6,3,iot20,2.0469348430633545,0.1590437889099121,2.2059786319732666,0.9648935794830322,1.0820412635803223
100,5,IPv6,3,iot81,1.730513095855713,0.13988375663757324,1.8703968524932861,0.9932687282562256,0.7372443675994873
100,5,IPv6,3,iot8,2.1979196071624756,0.06372213363647461,2.26164174079895,1.1103246212005615,1.087594985961914
100,5,IPv6,3,iot36,1.7488324642181396,0.06290459632873535,1.811737060546875,1.4066472053527832,0.34218525886535645
100,5,IPv6,3,iot23,2.079336643218994,0.07776260375976562,2.1570992469787598,1.3540856838226318,0.7252509593963623
100,5,IPv6,3,iot68,1.8678011894226074,0.06229114532470703,1.9300923347473145,1.4170169830322266,0.45078420639038086
100,5,IPv6,3,iot59,1.9327116012573242,0.09302854537963867,2.025740146636963,0.827951192855835,1.1047604084014893
100,5,IPv6,3,iot91,1.817007303237915,0.09858465194702148,1.9155919551849365,0.8853058815002441,0.9317014217376709
100,5,IPv6,3,iot100,1.8050017356872559,0.07616949081420898,1.8811712265014648,0.6616654396057129,1.143336296081543
100,5,IPv6,3,iot33,2.2270560264587402,0.07352375984191895,2.300579786300659,1.654494285583496,0.5725617408752441
100,5,IPv6,3,iot94,1.3952362537384033,0.061547279357910156,1.4567835330963135,0.2737715244293213,1.121464729309082
100,5,IPv6,3,iot38,2.1850359439849854,0.06911540031433105,2.2541513442993164,1.1413991451263428,1.0436367988586426
100,5,IPv6,3,iot97,1.4728622436523438,0.09235978126525879,1.5652220249176025,0.8641433715820312,0.6087188720703125
100,5,IPv6,3,iot29,2.264618158340454,0.12773418426513672,2.392352342605591,2.1800105571746826,0.08460760116577148
100,5,IPv6,3,iot88,1.9110798835754395,0.1268773078918457,2.037957191467285,0.4564058780670166,1.4546740055084229
100,5,IPv6,3,iot45,2.188084125518799,0.11515164375305176,2.3032357692718506,1.2772715091705322,0.9108126163482666
100,5,IPv6,3,iot52,2.1800689697265625,0.1332111358642578,2.3132801055908203,0.7839875221252441,1.3960814476013184
100,5,IPv6,3,iot86,1.936053991317749,0.12659764289855957,2.0626516342163086,0.5354514122009277,1.4006025791168213
100,5,IPv6,3,iot89,2.006838321685791,0.1284627914428711,2.135301113128662,1.4387001991271973,0.5681381225585938
100,5,IPv6,3,iot14,2.308135509490967,0.12556171417236328,2.43369722366333,1.1455140113830566,1.1626214981079102
100,5,IPv6,3,iot12,2.4188201427459717,0.0983424186706543,2.517162561416626,1.0801494121551514,1.3386707305908203
100,5,IPv6,3,iot78,2.056447744369507,0.11220359802246094,2.1686513423919678,0.49554443359375,1.5609033107757568
100,5,IPv6,3,iot32,2.309464693069458,0.10531139373779297,2.414776086807251,1.0970563888549805,1.2124083042144775
100,5,IPv6,3,iot46,2.320261001586914,0.07578015327453613,2.39604115486145,0.9562828540802002,1.3639781475067139
100,5,IPv6,3,iot34,2.3677074909210205,0.09049010276794434,2.458197593688965,0.8743324279785156,1.4933750629425049
100,5,IPv6,3,iot5,2.5188138484954834,0.10133194923400879,2.620145797729492,1.8238770961761475,0.6949367523193359
100,5,IPv6,3,iot66,2.1632230281829834,0.10362100601196289,2.2668440341949463,0.5720367431640625,1.591186285018921
100,5,IPv6,3,iot96,2.0575263500213623,0.10517048835754395,2.1626968383789062,0.6818811893463135,1.3756451606750488
100,5,IPv6,3,iot24,2.429929256439209,0.12027096748352051,2.5502002239227295,0.8537435531616211,1.576185703277588
100,5,IPv6,3,iot64,1.9299609661102295,0.09585928916931152,2.025820255279541,0.5918147563934326,1.3381462097167969
100,5,IPv6,3,iot56,2.2192540168762207,0.10342931747436523,2.322683334350586,0.9051251411437988,1.3141288757324219
100,5,IPv6,3,iot71,2.2982306480407715,0.08914971351623535,2.387380361557007,1.2168538570404053,1.0813767910003662
100,5,IPv6,3,iot3,2.568115234375,0.11524248123168945,2.6833577156066895,1.423640489578247,1.144474744796753
100,5,IPv6,3,iot72,2.2182443141937256,0.10873675346374512,2.3269810676574707,1.5129637718200684,0.7052805423736572
100,5,IPv6,3,iot50,2.270308494567871,0.08225822448730469,2.352566719055176,1.052725076675415,1.217583417892456
100,5,IPv6,3,iot90,2.2065072059631348,0.0994560718536377,2.3059632778167725,0.5911009311676025,1.6154062747955322
100,5,IPv6,3,iot47,2.094252347946167,0.10119271278381348,2.1954450607299805,0.6937685012817383,1.4004838466644287
100,5,IPv6,3,iot10,2.5650148391723633,0.09407901763916016,2.6590938568115234,1.2867989540100098,1.2782158851623535
100,5,IPv6,3,iot7,2.5750365257263184,0.10265231132507324,2.6776888370513916,1.084294319152832,1.4907422065734863
100,5,IPv6,3,iot63,2.2522099018096924,0.09921884536743164,2.351428747177124,1.2407915592193604,1.011418342590332
100,5,IPv6,3,iot30,2.490192413330078,0.11001443862915039,2.6002068519592285,1.4032273292541504,1.0869650840759277
100,5,IPv6,3,iot69,2.2143235206604004,0.09534907341003418,2.3096725940704346,1.0893924236297607,1.1249310970306396
100,5,IPv6,3,iot74,2.1812031269073486,0.0783233642578125,2.259526491165161,0.8660681247711182,1.3151350021362305
100,5,IPv6,3,iot82,2.126039505004883,0.10729837417602539,2.233337879180908,0.8487453460693359,1.2772941589355469
100,5,IPv6,3,iot79,1.774035930633545,0.10700845718383789,1.8810443878173828,0.24615907669067383,1.527876853942871
100,5,IPv6,3,iot51,1.979116439819336,0.11413145065307617,2.093247890472412,0.49802446365356445,1.4810919761657715
100,5,IPv6,3,iot13,2.48820424079895,0.08365130424499512,2.5718555450439453,0.9841604232788086,1.5040438175201416
100,5,IPv6,3,iot61,2.2919373512268066,0.059915781021118164,2.351853132247925,0.8152084350585938,1.476728916168213
100,5,IPv6,3,iot55,2.092414617538452,0.10959720611572266,2.202011823654175,0.6205012798309326,1.4719133377075195
100,5,IPv6,3,iot17,2.5155937671661377,0.05605053901672363,2.5716443061828613,0.7246768474578857,1.790916919708252
100,5,IPv6,3,iot19,2.4122016429901123,0.09637641906738281,2.508578062057495,2.4122016429901123,0.0
100,5,IPv6,3,iot70,2.3370907306671143,0.09324216842651367,2.430332899093628,1.4041032791137695,0.9329874515533447
100,5,IPv6,3,iot16,2.617170572280884,0.06698417663574219,2.684154748916626,1.290074110031128,1.3270964622497559
100,5,IPv6,3,iot15,2.6683804988861084,0.10358810424804688,2.7719686031341553,1.2600336074829102,1.4083468914031982
100,5,IPv6,3,iot6,2.6957919597625732,0.07958388328552246,2.7753758430480957,1.1085212230682373,1.587270736694336
100,5,IPv6,3,iot22,2.6611082553863525,0.05846691131591797,2.7195751667022705,0.9142024517059326,1.74690580368042
100,5,IPv6,3,iot76,2.270636558532715,0.0714869499206543,2.342123508453369,0.8353722095489502,1.4352643489837646
100,5,IPv6,3,iot67,2.3855130672454834,0.06614518165588379,2.451658248901367,1.1650269031524658,1.2204861640930176
100,5,IPv6,3,iot75,2.3068602085113525,0.06258535385131836,2.369445562362671,0.8184511661529541,1.4884090423583984
100,5,IPv6,3,iot60,2.3430349826812744,0.06071114540100098,2.4037461280822754,0.7732012271881104,1.569833755493164
100,5,IPv6,3,iot9,2.714231014251709,0.05666518211364746,2.7708961963653564,1.161646842956543,1.552584171295166
100,5,IPv6,3,iot93,2.3228113651275635,0.06590437889099121,2.3887157440185547,0.614001989364624,1.7088093757629395
100,5,IPv6,3,iot11,2.5954489707946777,0.06911277770996094,2.6645617485046387,1.351820707321167,1.2436282634735107
100,5,IPv6,3,iot1,2.768751621246338,0.05146074295043945,2.8202123641967773,1.0339064598083496,1.7348451614379883
100,5,IPv6,3,iot73,2.034942865371704,0.05567502975463867,2.0906178951263428,0.2745249271392822,1.7604179382324219
100,5,IPv6,3,iot25,2.6691091060638428,0.06956911087036133,2.738678216934204,1.6663250923156738,1.002784013748169
100,5,IPv6,3,iot26,2.4913926124572754,0.08059549331665039,2.571988105773926,0.7629611492156982,1.7284314632415771
100,5,IPv6,3,iot44,2.4673070907592773,0.0771932601928711,2.5445003509521484,1.5068352222442627,0.9604718685150146
100,5,IPv6,3,iot48,2.5987207889556885,0.06585168838500977,2.6645724773406982,1.0864391326904297,1.5122816562652588
100,5,IPv6,3,iot92,2.279991388320923,0.06623148918151855,2.3462228775024414,0.6675562858581543,1.6124351024627686
100,5,IPv6,3,iot57,2.196889638900757,0.0590968132019043,2.255986452102661,0.41733288764953613,1.7795567512512207
100,5,IPv6,3,iot37,2.3000760078430176,0.04779386520385742,2.347869873046875,0.6247944831848145,1.6752815246582031
100,5,IPv6,3,iot27,2.696662187576294,0.056114912033081055,2.752777099609375,1.043503761291504,1.65315842628479
100,5,IPv6,3,iot41,2.306673765182495,0.05804872512817383,2.364722490310669,0.8146970272064209,1.4919767379760742
100,5,IPv6,3,iot80,2.3269598484039307,0.06809186935424805,2.3950517177581787,0.6479349136352539,1.6790249347686768
100,5,IPv6,3,iot21,2.536930561065674,0.04979419708251953,2.5867247581481934,0.7560567855834961,1.7808737754821777
100,5,IPv6,3,iot2,2.8392879962921143,0.0276944637298584,2.8669824600219727,1.0710103511810303,1.768277645111084
100,5,IPv6,3,iot35,2.706728219985962,0.03921961784362793,2.74594783782959,0.9357395172119141,1.7709887027740479
100,5,IPv6,3,iot65,2.5069777965545654,0.0407564640045166,2.547734260559082,0.8074731826782227,1.6995046138763428
100,5,IPv6,3,iot77,2.499457359313965,0.031991004943847656,2.5314483642578125,1.034886121749878,1.464571237564087
100,5,IPv6,3,iot54,2.2222158908843994,0.0395658016204834,2.261781692504883,0.5982577800750732,1.6239581108093262
100,5,IPv6,3,iot40,2.3346004486083984,0.017118215560913086,2.3517186641693115,0.6399290561676025,1.694671392440796
100,5,IPv6,3,iot28,2.750257730484009,0.03332638740539551,2.7835841178894043,1.8440747261047363,0.9061830043792725
100,5,IPv6,3,iot31,2.7584142684936523,0.030821800231933594,2.789236068725586,2.7584142684936523,0.0
100,5,IPv6,3,iot43,2.438765287399292,0.029119491577148438,2.4678847789764404,1.0533599853515625,1.3854053020477295
100,5,IPv6,3,iot18,2.828617572784424,0.019283533096313477,2.8479011058807373,1.1287837028503418,1.699833869934082
100,5,IPv6,3,iot39,2.3950512409210205,0.011345148086547852,2.4063963890075684,0.7794783115386963,1.6155729293823242
100,5,IPv6,3,iot4,2.8665623664855957,0.02321314811706543,2.889775514602661,0.985720157623291,1.8808422088623047
100,5,IPv6,3,iot53,2.6576039791107178,0.021008968353271484,2.6786129474639893,1.0315852165222168,1.626018762588501
100,5,IPv6,3,iot62,2.50630784034729,0.010242462158203125,2.516550302505493,1.0123231410980225,1.4939846992492676
100,5,IPv6,3,iot42,2.759152412414551,0.003556966781616211,2.762709379196167,0.9126570224761963,1.8464953899383545
100,5,IPv6,3,iot85,2.525601387023926,0.01013946533203125,2.535740852355957,1.1544380187988281,1.3711633682250977
100,5,IPv6,3,iot83,4.007297039031982,0.0027801990509033203,4.010077238082886,2.9475173950195312,1.0597796440124512
100,5,IPv6,3,iot98,3.6120824813842773,0.002427339553833008,3.6145098209381104,2.263575792312622,1.3485066890716553
100,5,IPv6,3,iot95,4.853203535079956,0.003612518310546875,4.856816053390503,2.8134775161743164,2.0397260189056396
100,5,IPv6,3,iot87,5.080874443054199,0.0026178359985351562,5.083492279052734,3.7630884647369385,1.3177859783172607
100,5,IPv6,3,iot99,5.338351249694824,0.0025072097778320312,5.340858459472656,3.5482354164123535,1.7901158332824707
100,5,IPv6,3,iot84,5.300438642501831,0.0029189586639404297,5.3033576011657715,3.363687515258789,1.936751127243042
100,5,IPv6,4,iot50,1.7516181468963623,0.08574986457824707,1.8373680114746094,0.7106919288635254,1.040926218032837
100,5,IPv6,4,iot18,1.8281466960906982,0.0670614242553711,1.8952081203460693,1.1588268280029297,0.6693198680877686
100,5,IPv6,4,iot86,1.4422085285186768,0.0862123966217041,1.5284209251403809,1.1287331581115723,0.3134753704071045
100,5,IPv6,4,iot56,0.7391357421875,0.07241177558898926,0.8115475177764893,0.1605377197265625,0.5785980224609375
100,5,IPv6,4,iot24,1.88364839553833,0.08128094673156738,1.9649293422698975,1.786510944366455,0.097137451171875
100,5,IPv6,4,iot81,1.7771587371826172,0.08320236206054688,1.860361099243164,1.0788896083831787,0.6982691287994385
100,5,IPv6,4,iot12,1.5926337242126465,0.08200955390930176,1.6746432781219482,0.9674270153045654,0.625206708908081
100,5,IPv6,4,iot30,1.7372548580169678,0.1064453125,1.8437001705169678,0.5169863700866699,1.2202684879302979
100,5,IPv6,4,iot14,2.0332655906677246,0.10653328895568848,2.139798879623413,1.106513261795044,0.9267523288726807
100,5,IPv6,4,iot26,1.960846185684204,0.11134696006774902,2.072193145751953,0.7121968269348145,1.2486493587493896
100,5,IPv6,4,iot25,1.9053709506988525,0.12204146385192871,2.0274124145507812,1.0796823501586914,0.8256886005401611
100,5,IPv6,4,iot1,2.11065673828125,0.1214299201965332,2.232086658477783,1.772381067276001,0.338275671005249
100,5,IPv6,4,iot54,1.6680371761322021,0.08638834953308105,1.7544255256652832,0.563178539276123,1.104858636856079
100,5,IPv6,4,iot37,2.078925371170044,0.06245827674865723,2.141383647918701,1.3995814323425293,0.6793439388275146
100,5,IPv6,4,iot31,2.0504257678985596,0.07233190536499023,2.12275767326355,2.0504257678985596,0.0
100,5,IPv6,4,iot11,2.1583609580993652,0.10119128227233887,2.259552240371704,1.7090930938720703,0.4492678642272949
100,5,IPv6,4,iot35,2.112416982650757,0.0967702865600586,2.2091872692108154,0.7913267612457275,1.3210902214050293
100,5,IPv6,4,iot43,1.6030662059783936,0.08055901527404785,1.6836252212524414,0.2927412986755371,1.3103249073028564
100,5,IPv6,4,iot40,2.08388090133667,0.10466885566711426,2.188549757003784,1.553464412689209,0.5304164886474609
100,5,IPv6,4,iot69,1.4641187191009521,0.10777544975280762,1.5718941688537598,0.1876077651977539,1.2765109539031982
100,5,IPv6,4,iot49,2.1126973628997803,0.09830141067504883,2.210998773574829,1.0609629154205322,1.051734447479248
100,5,IPv6,4,iot85,1.7696657180786133,0.10691285133361816,1.8765785694122314,0.5240621566772461,1.2456035614013672
100,5,IPv6,4,iot89,1.6602275371551514,0.10623455047607422,1.7664620876312256,0.9581000804901123,0.7021274566650391
100,5,IPv6,4,iot21,2.1376171112060547,0.10756516456604004,2.2451822757720947,1.3729782104492188,0.7646389007568359
100,5,IPv6,4,iot2,2.2723777294158936,0.09672999382019043,2.369107723236084,1.1150422096252441,1.1573355197906494
100,5,IPv6,4,iot17,2.2122576236724854,0.08685111999511719,2.2991087436676025,1.1546552181243896,1.0576024055480957
100,5,IPv6,4,iot52,1.7673614025115967,0.01677703857421875,1.7841384410858154,0.29130077362060547,1.4760606288909912
100,5,IPv6,4,iot99,1.9326045513153076,0.050560951232910156,1.9831655025482178,0.8616898059844971,1.0709147453308105
100,5,IPv6,4,iot23,2.165794849395752,0.028087377548217773,2.1938822269439697,2.165794849395752,0.0
100,5,IPv6,4,iot66,1.6480157375335693,0.0312650203704834,1.6792807579040527,0.2410273551940918,1.4069883823394775
100,5,IPv6,4,iot10,2.356311321258545,0.02390289306640625,2.380214214324951,1.8736004829406738,0.4827108383178711
100,5,IPv6,4,iot91,0.6753344535827637,0.029035329818725586,0.7043697834014893,0.16356396675109863,0.511770486831665
100,5,IPv6,4,iot70,1.5679283142089844,0.023319721221923828,1.5912480354309082,0.0718691349029541,1.4960591793060303
100,5,IPv6,4,iot45,2.1696383953094482,0.025414705276489258,2.1950531005859375,1.0345337390899658,1.1351046562194824
100,5,IPv6,4,iot28,2.2580385208129883,0.022471189498901367,2.2805097103118896,1.074366569519043,1.1836719512939453
100,5,IPv6,4,iot36,2.1219279766082764,0.04969000816345215,2.1716179847717285,1.0589516162872314,1.062976360321045
100,5,IPv6,4,iot29,2.311204671859741,0.04905271530151367,2.360257387161255,1.862961769104004,0.4482429027557373
100,5,IPv6,4,iot78,2.2060017585754395,0.04735875129699707,2.2533605098724365,1.9696025848388672,0.23639917373657227
100,5,IPv6,4,iot16,0.8475027084350586,0.05357480049133301,0.9010775089263916,0.1360642910003662,0.7114384174346924
100,5,IPv6,4,iot100,2.077864170074463,0.10484957695007324,2.182713747024536,2.077864170074463,0.0
100,5,IPv6,4,iot75,2.2551841735839844,0.06413722038269043,2.319321393966675,0.9198436737060547,1.3353404998779297
100,5,IPv6,4,iot84,2.0785367488861084,0.10399866104125977,2.182535409927368,1.9263882637023926,0.15214848518371582
100,5,IPv6,4,iot61,1.4824657440185547,0.10968255996704102,1.5921483039855957,0.04696822166442871,1.435497522354126
100,5,IPv6,4,iot47,2.505113363265991,0.057416439056396484,2.5625298023223877,1.3002657890319824,1.2048475742340088
100,5,IPv6,4,iot5,2.5142738819122314,0.16443419456481934,2.678708076477051,1.4121894836425781,1.1020843982696533
100,5,IPv6,4,iot3,2.646477460861206,0.06428408622741699,2.710761547088623,1.5664443969726562,1.0800330638885498
100,5,IPv6,4,iot92,2.238201379776001,0.06555747985839844,2.3037588596343994,1.2519450187683105,0.9862563610076904
100,5,IPv6,4,iot87,0.8930366039276123,0.16237211227416992,1.0554087162017822,0.14219927787780762,0.7508373260498047
100,5,IPv6,4,iot82,2.3406484127044678,0.06178116798400879,2.4024295806884766,0.8097033500671387,1.530945062637329
100,5,IPv6,4,iot15,2.5032081604003906,0.16695761680603027,2.670165777206421,2.29306960105896,0.21013855934143066
100,5,IPv6,4,iot34,2.422952890396118,0.20173001289367676,2.624682903289795,0.8133587837219238,1.6095941066741943
100,5,IPv6,4,iot93,2.1316030025482178,0.19708728790283203,2.32869029045105,1.1562728881835938,0.975330114364624
100,5,IPv6,4,iot9,2.5867457389831543,0.1175694465637207,2.704315185546875,0.8970720767974854,1.689673662185669
100,5,IPv6,4,iot77,2.3774566650390625,0.06608772277832031,2.443544387817383,0.6319212913513184,1.7455353736877441
100,5,IPv6,4,iot80,2.387408971786499,0.05670666694641113,2.44411563873291,1.1581265926361084,1.2292823791503906
100,5,IPv6,4,iot4,2.672853946685791,0.08621692657470703,2.759070873260498,1.2096631526947021,1.4631907939910889
100,5,IPv6,4,iot6,2.722954511642456,0.038620710372924805,2.761575222015381,1.0913915634155273,1.6315629482269287
100,5,IPv6,4,iot64,2.0788066387176514,0.041535139083862305,2.1203417778015137,0.3215358257293701,1.7572708129882812
100,5,IPv6,4,iot27,2.5235555171966553,0.05678963661193848,2.5803451538085938,1.688690423965454,0.8348650932312012
100,5,IPv6,4,iot38,2.0042362213134766,0.04117178916931152,2.045408010482788,0.12944531440734863,1.874790906906128
100,5,IPv6,4,iot13,2.6599643230438232,0.04180288314819336,2.7017672061920166,1.148033857345581,1.5119304656982422
100,5,IPv6,4,iot74,2.421788454055786,0.12727856636047363,2.5490670204162598,1.6318867206573486,0.7899017333984375
100,5,IPv6,4,iot39,2.4631264209747314,0.03919482231140137,2.502321243286133,0.9527163505554199,1.5104100704193115
100,5,IPv6,4,iot46,1.8754773139953613,0.03881716728210449,1.9142944812774658,0.3652358055114746,1.5102415084838867
100,5,IPv6,4,iot32,2.6009273529052734,0.06319618225097656,2.66412353515625,1.2310211658477783,1.3699061870574951
100,5,IPv6,4,iot22,2.5973637104034424,0.05696916580200195,2.6543328762054443,1.6262290477752686,0.9711346626281738
100,5,IPv6,4,iot57,1.805776834487915,0.16563749313354492,1.97141432762146,0.15275907516479492,1.6530177593231201
100,5,IPv6,4,iot41,2.4745776653289795,0.05975627899169922,2.5343339443206787,1.3229830265045166,1.151594638824463
100,5,IPv6,4,iot19,2.6933584213256836,0.06038236618041992,2.7537407875061035,0.8983521461486816,1.795006275177002
100,5,IPv6,4,iot20,2.4319992065429688,0.27884817123413086,2.7108473777770996,1.0665764808654785,1.3654227256774902
100,5,IPv6,4,iot53,2.253830909729004,0.17527461051940918,2.429105520248413,1.3049800395965576,0.9488508701324463
100,5,IPv6,4,iot83,2.3133463859558105,0.04144454002380371,2.3547909259796143,1.2834925651550293,1.0298538208007812
100,5,IPv6,4,iot96,2.0183393955230713,0.05107903480529785,2.069418430328369,0.12637734413146973,1.8919620513916016
100,5,IPv6,4,iot59,2.515397548675537,0.04402589797973633,2.5594234466552734,0.6072998046875,1.908097743988037
100,5,IPv6,4,iot65,1.559568166732788,0.02681446075439453,1.5863826274871826,0.2271111011505127,1.3324570655822754
100,5,IPv6,4,iot58,1.8769748210906982,0.29387950897216797,2.170854330062866,0.25949931144714355,1.6174755096435547
100,5,IPv6,4,iot79,2.3708343505859375,0.22579526901245117,2.5966296195983887,1.312283992767334,1.0585503578186035
100,5,IPv6,4,iot7,2.80560302734375,0.03341174125671387,2.839014768600464,2.2483553886413574,0.5572476387023926
100,5,IPv6,4,iot94,1.4107184410095215,0.02621626853942871,1.4369347095489502,0.35260939598083496,1.0581090450286865
100,5,IPv6,4,iot51,2.4321014881134033,0.2004382610321045,2.632539749145508,0.7324111461639404,1.699690341949463
100,5,IPv6,4,iot44,2.3547263145446777,0.02037835121154785,2.3751046657562256,0.8480479717254639,1.5066783428192139
100,5,IPv6,4,iot67,2.1209025382995605,0.020859718322753906,2.1417622566223145,0.17289400100708008,1.9480085372924805
100,5,IPv6,4,iot90,1.2116260528564453,0.022117137908935547,1.2337431907653809,0.1509389877319336,1.0606870651245117
100,5,IPv6,4,iot98,2.4838316440582275,0.018055200576782227,2.5018868446350098,0.7333896160125732,1.7504420280456543
100,5,IPv6,4,iot76,2.627781867980957,0.019748210906982422,2.6475300788879395,0.7389473915100098,1.8888344764709473
100,5,IPv6,4,iot88,2.560051679611206,0.017694473266601562,2.5777461528778076,0.5371620655059814,2.0228896141052246
100,5,IPv6,4,iot42,2.699873208999634,0.01563405990600586,2.7155072689056396,0.6961827278137207,2.003690481185913
100,5,IPv6,4,iot8,2.8758745193481445,0.014489173889160156,2.8903636932373047,1.6461515426635742,1.2297229766845703
100,5,IPv6,4,iot48,2.1860055923461914,0.016817569732666016,2.2028231620788574,0.2768056392669678,1.9091999530792236
100,5,IPv6,4,iot63,2.4185597896575928,0.01624441146850586,2.4348042011260986,1.219846487045288,1.1987133026123047
100,5,IPv6,4,iot33,2.772463083267212,0.022306203842163086,2.794769287109375,1.0661065578460693,1.7063565254211426
100,5,IPv6,4,iot97,2.275742530822754,0.014658212661743164,2.290400743484497,0.5077362060546875,1.7680063247680664
100,5,IPv6,4,iot62,2.508856773376465,0.003651857376098633,2.5125086307525635,0.6569712162017822,1.8518855571746826
100,5,IPv6,4,iot73,4.844376087188721,0.009082317352294922,4.853458404541016,3.4577088356018066,1.386667251586914
100,5,IPv6,4,iot60,5.404032468795776,0.004533529281616211,5.408565998077393,3.9169816970825195,1.4870507717132568
100,5,IPv6,4,iot55,5.078928470611572,0.0035347938537597656,5.082463264465332,3.476834535598755,1.6020939350128174
100,5,IPv6,4,iot71,5.146336317062378,0.004876375198364258,5.151212692260742,3.176325559616089,1.970010757446289
100,5,IPv6,4,iot68,5.3038341999053955,0.002855539321899414,5.306689739227295,3.4424784183502197,1.8613557815551758
100,5,IPv6,4,iot72,5.314698219299316,0.0023577213287353516,5.317055940628052,3.4608914852142334,1.853806734085083
100,5,IPv6,4,iot95,5.231544256210327,0.0028281211853027344,5.23437237739563,3.2785022258758545,1.9530420303344727
100,5,IPv6,5,iot17,1.8821454048156738,0.13727355003356934,2.019418954849243,0.9008245468139648,0.981320858001709
100,5,IPv6,5,iot62,1.79555344581604,0.09700345993041992,1.89255690574646,0.6411256790161133,1.1544277667999268
100,5,IPv6,5,iot63,1.7617816925048828,0.10372114181518555,1.8655028343200684,0.6830184459686279,1.0787632465362549
100,5,IPv6,5,iot48,1.7333717346191406,0.13529467582702637,1.868666410446167,1.0475082397460938,0.6858634948730469
100,5,IPv6,5,iot53,1.4909656047821045,0.11171174049377441,1.602677345275879,1.1070094108581543,0.3839561939239502
100,5,IPv6,5,iot96,1.398076057434082,0.09086227416992188,1.488938331604004,0.14384865760803223,1.2542273998260498
100,5,IPv6,5,iot73,1.6650404930114746,0.08746051788330078,1.7525010108947754,1.6650404930114746,0.0
100,5,IPv6,5,iot89,1.4494268894195557,0.126816987991333,1.5762438774108887,0.19122052192687988,1.2582063674926758
100,5,IPv6,5,iot61,1.8359096050262451,0.12313699722290039,1.9590466022491455,0.8824074268341064,0.9535021781921387
100,5,IPv6,5,iot22,2.1348631381988525,0.08126258850097656,2.216125726699829,2.0282459259033203,0.10661721229553223
100,5,IPv6,5,iot69,1.865030288696289,0.1286172866821289,1.993647575378418,0.851041316986084,1.013988971710205
100,5,IPv6,5,iot49,1.9677069187164307,0.058188676834106445,2.025895595550537,0.6391921043395996,1.328514814376831
100,5,IPv6,5,iot75,1.7510120868682861,0.1093912124633789,1.860403299331665,0.623816728591919,1.1271953582763672
100,5,IPv6,5,iot29,2.127607822418213,0.09927248954772949,2.2268803119659424,0.9666352272033691,1.1609725952148438
100,5,IPv6,5,iot51,1.9987833499908447,0.06934428215026855,2.0681276321411133,0.8246414661407471,1.1741418838500977
100,5,IPv6,5,iot59,1.9854893684387207,0.0643775463104248,2.0498669147491455,0.5599894523620605,1.4254999160766602
100,5,IPv6,5,iot57,2.0242841243743896,0.03749966621398926,2.061783790588379,1.3979108333587646,0.626373291015625
100,5,IPv6,5,iot42,2.0939137935638428,0.024074316024780273,2.117988109588623,0.9107372760772705,1.1831765174865723
100,5,IPv6,5,iot28,2.2066094875335693,0.003373861312866211,2.2099833488464355,0.8342242240905762,1.3723852634429932
100,5,IPv6,5,iot27,2.266289710998535,0.02150273323059082,2.287792444229126,0.9965195655822754,1.2697701454162598
100,5,IPv6,5,iot5,2.374992609024048,0.011445283889770508,2.3864378929138184,1.7246038913726807,0.6503887176513672
100,5,IPv6,5,iot30,2.1826107501983643,0.021883249282836914,2.204493999481201,1.2085444927215576,0.9740662574768066
100,5,IPv6,5,iot13,2.2992069721221924,0.02532672882080078,2.324533700942993,1.1636106967926025,1.1355962753295898
100,5,IPv6,5,iot94,1.6167504787445068,0.028295040130615234,1.645045518875122,0.05759835243225098,1.5591521263122559
100,5,IPv6,5,iot8,2.3584604263305664,0.03548169136047363,2.39394211769104,1.6468701362609863,0.7115902900695801
100,5,IPv6,5,iot92,1.9945495128631592,0.06784224510192871,2.062391757965088,0.5010650157928467,1.4934844970703125
100,5,IPv6,5,iot34,2.256511926651001,0.07760119438171387,2.334113121032715,1.4429640769958496,0.8135478496551514
100,5,IPv6,5,iot71,1.9034924507141113,0.07931661605834961,1.982809066772461,0.49600982666015625,1.407482624053955
100,5,IPv6,5,iot77,1.1986005306243896,0.08274507522583008,1.2813456058502197,0.44861745834350586,0.7499830722808838
100,5,IPv6,5,iot81,1.6256849765777588,0.06133604049682617,1.687021017074585,0.40348219871520996,1.2222027778625488
100,5,IPv6,5,iot26,2.2525506019592285,0.06251287460327148,2.3150634765625,1.1359050273895264,1.1166455745697021
100,5,IPv6,5,iot12,2.383941411972046,0.06474757194519043,2.4486889839172363,0.8946883678436279,1.489253044128418
100,5,IPv6,5,iot41,2.3134357929229736,0.07016301155090332,2.383598804473877,1.3814949989318848,0.9319407939910889
100,5,IPv6,5,iot4,2.5016608238220215,0.055577993392944336,2.557238817214966,1.0848398208618164,1.416821002960205
100,5,IPv6,5,iot67,1.81412672996521,0.07484817504882812,1.888974905014038,0.16053104400634766,1.6535956859588623
100,5,IPv6,5,iot70,1.9578468799591064,0.05303955078125,2.0108864307403564,0.3559420108795166,1.6019048690795898
100,5,IPv6,5,iot80,1.7710866928100586,0.06271839141845703,1.8338050842285156,0.3175642490386963,1.4535224437713623
100,5,IPv6,5,iot40,2.3138937950134277,0.06856489181518555,2.3824586868286133,0.9447150230407715,1.3691787719726562
100,5,IPv6,5,iot60,2.1491894721984863,0.05709505081176758,2.206284523010254,0.6258304119110107,1.5233590602874756
100,5,IPv6,5,iot90,1.2129383087158203,0.07556772232055664,1.288506031036377,0.6514875888824463,0.561450719833374
100,5,IPv6,5,iot19,2.4341318607330322,0.07323765754699707,2.5073695182800293,1.309314489364624,1.1248173713684082
100,5,IPv6,5,iot65,2.0955522060394287,0.09064102172851562,2.1861932277679443,0.6386604309082031,1.4568917751312256
100,5,IPv6,5,iot82,1.874833345413208,0.08286476135253906,1.957698106765747,1.0173213481903076,0.8575119972229004
100,5,IPv6,5,iot78,1.3035178184509277,0.0589137077331543,1.362431526184082,0.6220088005065918,0.6815090179443359
100,5,IPv6,5,iot21,2.386420726776123,0.07213258743286133,2.4585533142089844,0.7675840854644775,1.6188366413116455
100,5,IPv6,5,iot32,2.2624740600585938,0.0872340202331543,2.349708080291748,0.6692094802856445,1.5932645797729492
100,5,IPv6,5,iot74,1.6499125957489014,0.07270622253417969,1.722618818283081,0.19472289085388184,1.4551897048950195
100,5,IPv6,5,iot56,2.2380523681640625,0.07394623756408691,2.3119986057281494,0.6992142200469971,1.5388381481170654
100,5,IPv6,5,iot91,1.927107334136963,0.0727531909942627,1.9998605251312256,0.3148648738861084,1.6122424602508545
100,5,IPv6,5,iot58,2.2039003372192383,0.07160043716430664,2.275500774383545,0.7664873600006104,1.437412977218628
100,5,IPv6,5,iot7,2.5198349952697754,0.0812368392944336,2.601071834564209,1.8601818084716797,0.6596531867980957
100,5,IPv6,5,iot16,2.437559127807617,0.0800483226776123,2.5176074504852295,1.3333334922790527,1.1042256355285645
100,5,IPv6,5,iot46,2.359260082244873,0.0658864974975586,2.4251465797424316,1.845686435699463,0.5135736465454102
100,5,IPv6,5,iot10,2.5585570335388184,0.06383609771728516,2.6223931312561035,1.5080807209014893,1.050476312637329
100,5,IPv6,5,iot100,1.7265019416809082,0.05854058265686035,1.7850425243377686,0.1403670310974121,1.586134910583496
100,5,IPv6,5,iot84,2.2412045001983643,0.041550636291503906,2.282755136489868,1.1139984130859375,1.1272060871124268
100,5,IPv6,5,iot55,2.380854368209839,0.041225433349609375,2.4220798015594482,0.731072187423706,1.6497821807861328
100,5,IPv6,5,iot24,2.4522314071655273,0.07693862915039062,2.529170036315918,1.0763132572174072,1.3759181499481201
100,5,IPv6,5,iot1,2.6411147117614746,0.05314826965332031,2.694262981414795,1.9430577754974365,0.6980569362640381
100,5,IPv6,5,iot88,2.1835272312164307,0.0628061294555664,2.246333360671997,0.6905686855316162,1.4929585456848145
100,5,IPv6,5,iot52,2.376281499862671,0.06357908248901367,2.4398605823516846,1.5010733604431152,0.8752081394195557
100,5,IPv6,5,iot20,2.5308003425598145,0.05823516845703125,2.5890355110168457,0.8853781223297119,1.6454222202301025
100,5,IPv6,5,iot14,2.551879644393921,0.05105853080749512,2.602938175201416,0.9524927139282227,1.5993869304656982
100,5,IPv6,5,iot93,1.4615356922149658,0.04527711868286133,1.5068128108978271,0.16826200485229492,1.293273687362671
100,5,IPv6,5,iot31,2.5046112537384033,0.057273149490356445,2.5618844032287598,0.9837779998779297,1.5208332538604736
100,5,IPv6,5,iot68,1.9461631774902344,0.08225440979003906,2.0284175872802734,0.45496129989624023,1.4912018775939941
100,5,IPv6,5,iot43,2.3939528465270996,0.07126498222351074,2.4652178287506104,0.8516619205474854,1.5422909259796143
100,5,IPv6,5,iot87,1.458874225616455,0.04775094985961914,1.5066251754760742,0.9688501358032227,0.4900240898132324
100,5,IPv6,5,iot85,1.7420878410339355,0.06182074546813965,1.8039085865020752,0.10325908660888672,1.6388287544250488
100,5,IPv6,5,iot18,2.5613596439361572,0.0635688304901123,2.6249284744262695,0.8496763706207275,1.7116832733154297
100,5,IPv6,5,iot37,2.2597999572753906,0.055988311767578125,2.3157882690429688,0.6033246517181396,1.656475305557251
100,5,IPv6,5,iot76,2.1915531158447266,0.06367039680480957,2.255223512649536,0.49982357025146484,1.6917295455932617
100,5,IPv6,5,iot6,2.670417547225952,0.05827784538269043,2.7286953926086426,1.2201037406921387,1.4503138065338135
100,5,IPv6,5,iot11,2.669224500656128,0.04264068603515625,2.711865186691284,1.3542253971099854,1.3149991035461426
100,5,IPv6,5,iot33,2.483663558959961,0.06458139419555664,2.5482449531555176,1.1601898670196533,1.3234736919403076
100,5,IPv6,5,iot45,2.3863604068756104,0.06204724311828613,2.4484076499938965,0.5501117706298828,1.8362486362457275
100,5,IPv6,5,iot3,2.7146263122558594,0.040227413177490234,2.7548537254333496,1.2174620628356934,1.497164249420166
100,5,IPv6,5,iot15,2.583892822265625,0.04128432273864746,2.6251771450042725,1.3577499389648438,1.2261428833007812
100,5,IPv6,5,iot2,2.726775646209717,0.035979509353637695,2.7627551555633545,1.1122844219207764,1.6144912242889404
100,5,IPv6,5,iot99,1.9680166244506836,0.03675961494445801,2.0047762393951416,0.396869421005249,1.5711472034454346
100,5,IPv6,5,iot54,2.3816800117492676,0.024763107299804688,2.4064431190490723,0.5970869064331055,1.784593105316162
100,5,IPv6,5,iot97,1.9782674312591553,0.02166891098022461,1.9999363422393799,0.287431001663208,1.6908364295959473
100,5,IPv6,5,iot50,2.4488813877105713,0.010987281799316406,2.4598686695098877,0.5637185573577881,1.8851628303527832
100,5,IPv6,5,iot39,2.560246467590332,0.01906609535217285,2.579312562942505,1.639193058013916,0.921053409576416
100,5,IPv6,5,iot35,2.5464704036712646,0.015527963638305664,2.5619983673095703,1.5999481678009033,0.9465222358703613
100,5,IPv6,5,iot38,2.5919294357299805,0.004473447799682617,2.596402883529663,1.45524263381958,1.1366868019104004
100,5,IPv6,5,iot9,2.7768664360046387,0.009638309478759766,2.7865047454833984,1.0177521705627441,1.7591142654418945
100,5,IPv6,5,iot95,2.066272258758545,0.020868539810180664,2.0871407985687256,0.1932811737060547,1.8729910850524902
100,5,IPv6,5,iot86,2.3586783409118652,0.010847091674804688,2.36952543258667,1.032031536102295,1.3266468048095703
100,5,IPv6,5,iot79,2.149465322494507,0.007633686065673828,2.1570990085601807,0.4720475673675537,1.6774177551269531
100,5,IPv6,5,iot25,2.6596195697784424,0.006959438323974609,2.666579008102417,1.1070623397827148,1.5525572299957275
100,5,IPv6,5,iot64,2.4687671661376953,0.004941701889038086,2.4737088680267334,1.4567244052886963,1.012042760848999
100,5,IPv6,5,iot47,2.5665485858917236,0.0033223628997802734,2.569870948791504,1.0640356540679932,1.5025129318237305
100,5,IPv6,5,iot83,2.457827568054199,0.0025446414947509766,2.46037220954895,0.9881019592285156,1.4697256088256836
100,5,IPv6,5,iot72,2.316071033477783,0.0023071765899658203,2.318378210067749,0.9535331726074219,1.3625378608703613
100,5,IPv6,5,iot23,2.746896743774414,0.005632638931274414,2.7525293827056885,2.0173532962799072,0.7295434474945068
100,5,IPv6,5,iot36,2.691598415374756,0.0052568912506103516,2.696855306625366,1.1546580791473389,1.536940336227417
100,5,IPv6,5,iot44,2.592313051223755,0.008997440338134766,2.6013104915618896,0.8138899803161621,1.7784230709075928
100,5,IPv6,5,iot66,2.1986308097839355,0.0024933815002441406,2.2011241912841797,0.503413200378418,1.6952176094055176
100,5,IPv6,5,iot98,4.352895736694336,0.0029573440551757812,4.355853080749512,2.948139190673828,1.4047565460205078
